:020000041000EA
:10000000D3DEFFFF420121100302000000020010B6
:0C001000FF03000000000000793512AB77
:1001000000000000000000000000000000000000EF
:1001100000000000000000000000000000000000DF
:1001200000000000000000000000000000000000CF
:1001300000000000000000000000000000000000BF
:1001400000000000000000000000000000000000AF
:10015000000000000000000000000000000000009F
:10016000000000000000000000000000000000008F
:10017000000000000000000000000000000000007F
:10018000000000000000000000000000000000006F
:10019000000000000000000000000000000000005F
:1001A000000000000000000000000000000000004F
:1001B000000000000000000000000000000000003F
:1001C000000000000000000000000000000000002F
:1001D000000000000000000000000000000000001F
:1001E000000000000000000000000000000000000F
:1001F00000000000000000000000000000000000FF
:10020000102B00209163001003CB00107D630010C1
:100210007D6300107D6300107D6300107D6300101E
:1002200000000000000000000000000079640010E1
:100230007D63001000000000F5630010E5750010FC
:1002400041660010416600104166001041660010D2
:1002500041660010416600104166001041660010C2
:1002600041660010416600104166001041660010B2
:1002700041660010416600104166001041660010A2
:100280004166001041660010416600104166001092
:100290004166001041660010416600104166001082
:1002A0004166001041660010416600104166001072
:1002B0004166001041660010416600104166001062
:1002C0004166001041660010416600104166001052
:1002D0004166001041660010416600104166001042
:1002E0004166001041660010416600104166001032
:1002F0004166001041660010416600104166001022
:100300004166001041660010416600104166001011
:10031000844641EA000313F0030349D1403A23D352
:100320000B6803604B6843608B688360CB68C36075
:100330000B6903614B6943618B698361CB69C3615D
:100340000B6A03624B6A43628B6A8362CB6AC36245
:100350000B6B03634B6B43638B6B8363CB6BC3632D
:1003600040304031403ADBD230320BD30B6803606F
:100370004B6843608B688360CB68C360103010317A
:10038000103AF3D20C3205D351F8043B40F8043B49
:10039000043AF9D2043208D0D2071CBF11F8013B4D
:1003A00000F8013B01D30B8803806046704700BF13
:1003B000082A13D38B07B1D010F00303AED0C3F1DA
:1003C0000403D21ADB071CBF11F8013B00F8013B04
:1003D000A4D331F8023B20F8023B9FE7043AD9D37B
:1003E000013A11F8013B00F8013BF9D20B78037098
:1003F0004B7843708B7883706046704781F0004182
:1004000002E000BF83F0004330B54FEA41044FEAF9
:10041000430594EA050F08BF90EA020F1FBF54EA94
:10042000000C55EA020C7FEA645C7FEA655C00F030
:10043000E2804FEA5454D4EB5555B8BF6D420CDD01
:100440002C4480EA020281EA030382EA000083EA84
:10045000010180EA020281EA0303362D88BF30BD24
:1004600011F0004F4FEA01314FF4801C4CEA11317A
:1004700002D0404261EB410113F0004F4FEA0333D9
:100480004CEA133302D0524263EB430394EA050F64
:1004900000F0A780A4F10104D5F1200E0DDB02FAD3
:1004A0000EFC22FA05F2801841F1000103FA0EF267
:1004B000801843FA05F359410EE0A5F120050EF12D
:1004C000200E012A03FA0EFC28BF4CF0020C43FA5E
:1004D00005F3C01851EBE37101F0004507D54FF06B
:1004E000000EDCF1000C7EEB00006EEB0101B1F5BB
:1004F000801F1BD3B1F5001F0CD349085FEA300001
:100500004FEA3C0C04F101044FEA445212F5800F0B
:1005100080F09A80BCF1004F08BF5FEA500C50F1A8
:10052000000041EB045141EA050130BD5FEA4C0C8B
:10053000404141EB0101013C28BFB1F5801FE9D2E8
:1005400091F0000F04BF01460020B1FA81F308BF0B
:100550002033A3F10B03B3F120020CDA0C3208DDD7
:1005600002F1140CC2F10C0201FA0CF021FA02F1B2
:100570000CE002F11402D8BFC2F1200C01FA02F122
:1005800020FA0CFCDCBF41EA0C019040E41AA2BF47
:1005900001EB0451294330BD6FEA04041F3C1CDA0F
:1005A0000C340EDC04F11404C4F1200220FA04F02F
:1005B00001FA02F340EA030021FA04F345EA0301D9
:1005C00030BDC4F10C04C4F1200220FA02F001FA9B
:1005D00004F340EA0300294630BD21FA04F029461D
:1005E00030BD94F0000F83F4801306BF81F48011B6
:1005F0000134013D4EE77FEA645C18BF7FEA655C29
:1006000029D094EA050F08BF90EA020F05D054EAFA
:10061000000C04BF1946104630BD91EA030F1EBFFF
:100620000021002030BD5FEA545C05D14000494103
:1006300028BF41F0004130BD14F580043CBF01F5F6
:10064000801130BD01F0004545F0FE4141F47001DC
:100650004FF0000030BD7FEA645C1ABF19461046B7
:100660007FEA655C1CBF0B46024650EA013406BFB8
:1006700052EA033591EA030F41F4002130BD00BF77
:1006800090F0000F04BF0021704730B54FF4806434
:1006900004F132044FF000054FF0000150E700BFB5
:1006A00090F0000F04BF0021704730B54FF4806414
:1006B00004F1320410F0004548BF40424FF0000101
:1006C0003EE700BF42004FEAE2014FEA31014FEA44
:1006D00002701FBF12F07F4393F07F4F81F0605193
:1006E000704732F07F4208BF704793F07F4F04BFDE
:1006F00041F40021704730B54FF4607401F00045BB
:1007000021F000411CE700BF50EA010208BF70471A
:1007100030B54FF000050AE050EA010208BF70470B
:1007200030B511F0004502D5404261EB41014FF474
:10073000806404F132045FEA915C3FF4D8AE4FF07C
:1007400003025FEADC0C18BF03325FEADC0C18BF5F
:10075000033202EBDC02C2F1200300FA03FC20FAB0
:1007600002F001FA03FE40EA0E0021FA02F11444FD
:10077000BDE600BF70B54FF0FF0C4CF4E06C1CEA16
:1007800011541DBF1CEA135594EA0C0F95EA0C0F87
:1007900000F0DEF82C4481EA030621EA4C5123EAFA
:1007A0004C5350EA013518BF52EA033541F4801129
:1007B00043F4801338D0A0FB02CE4FF00005E1FBDC
:1007C00002E506F00042E0FB03E54FF00006E1FB26
:1007D00003569CF0000F18BF4EF0010EA4F1FF0469
:1007E000B6F5007F64F5407404D25FEA4E0E6D41A9
:1007F00046EB060642EAC62141EA55514FEAC520BA
:1008000040EA5E504FEACE2EB4F1FD0C88BFBCF535
:10081000E06F1ED8BEF1004F08BF5FEA500E50F1E6
:10082000000041EB045170BD06F0004646EA0101AC
:1008300040EA020081EA0301B4EB5C04C2BFD4EBDE
:100840000C0541EA045170BD41F480114FF0000ED7
:10085000013C00F3AB8014F1360FDEBF002001F045
:10086000004170BDC4F10004203C35DA0C341BDCBF
:1008700004F11404C4F1200500FA05F320FA04F091
:1008800001FA05F240EA020001F0004221F00041C5
:1008900010EBD37021FA04F642EB06015EEA430E38
:1008A00008BF20EAD37070BDC4F10C04C4F1200568
:1008B00000FA04F320FA05F001FA04F240EA02001B
:1008C00001F0004110EBD37041F100015EEA430EEC
:1008D00008BF20EAD37070BDC4F1200500FA05F20C
:1008E0004EEA020E20FA04F301FA05F243EA02038B
:1008F00021FA04F001F0004121FA04F220EA02009A
:1009000000EBD3705EEA430E08BF20EAD37070BDDF
:1009100094F0000F0FD101F00046400041EB0101BF
:1009200011F4801F08BF013CF7D041EA060195F0A1
:10093000000F18BF704703F00046520043EB03035B
:1009400013F4801F08BF013DF7D043EA0603704748
:1009500094EA0C0F0CEA135518BF95EA0C0F0CD053
:1009600050EA410618BF52EA4306D1D181EA030199
:1009700001F000414FF0000070BD50EA410606BF93
:100980001046194652EA430619D094EA0C0F02D1D8
:1009900050EA013613D195EA0C0F05D152EA03361D
:1009A0001CBF104619460AD181EA030101F000413B
:1009B00041F0FE4141F470014FF0000070BD41F084
:1009C000FE4141F4780170BD70B54FF0FF0C4CF45E
:1009D000E06C1CEA11541DBF1CEA135594EA0C0F7D
:1009E00095EA0C0F00F0A7F8A4EB050481EA030ECA
:1009F00052EA03354FEA013100F088804FEA0333B1
:100A00004FF0805545EA131343EA12634FEA02227E
:100A100045EA111545EA10654FEA00260EF000413F
:100A20009D4208BF964244F1FD0404F5407402D291
:100A30005B084FEA3202B61A65EB03055B084FEA22
:100A400032024FF480104FF4002CB6EB020E75EB1F
:100A5000030E22BFB61A754640EA0C005B084FEA47
:100A60003202B6EB020E75EB030E22BFB61A7546C4
:100A700040EA5C005B084FEA3202B6EB020E75EB0F
:100A8000030E22BFB61A754640EA9C005B084FEA87
:100A90003202B6EB020E75EB030E22BFB61A754694
:100AA00040EADC0055EA060E18D04FEA051545EA83
:100AB00016754FEA06164FEAC30343EA52734FEA2C
:100AC000C2025FEA1C1CC0D111F4801F0BD141EAA5
:100AD00000014FF000004FF0004CB6E711F4801F0A
:100AE00004BF01430020B4F1FD0C88BFBCF5E06FEA
:100AF0003FF6AFAEB5EB030C04BFB6EB020C5FEAFA
:100B0000500C50F1000041EB045170BD0EF0004E4E
:100B10004EEA113114EB5C04C2BFD4EB0C0541EA80
:100B2000045170BD41F480114FF0000E013C90E67D
:100B300045EA060E8DE60CEA135594EA0C0F08BF41
:100B400095EA0C0F3FF43BAF94EA0C0F0AD150EA40
:100B500001347FF434AF95EA0C0F7FF425AF1046D3
:100B600019462CE795EA0C0F06D152EA03353FF4FB
:100B7000FDAE1046194622E750EA410618BF52EA78
:100B800043067FF4C5AE50EA41047FF40DAF52EA4C
:100B900043057FF4EBAE12E74FF0FF3C06E000BFE9
:100BA0004FF0010C02E000BF4FF0010C4DF804CDF6
:100BB0004FEA410C7FEA6C5C4FEA430C18BF7FEAB6
:100BC0006C5C1BD001B050EA410C0CBF52EA430CE4
:100BD00091EA030F02BF90EA020F0020704710F164
:100BE000000F91EA030F58BF994208BF90422CBFF3
:100BF000D8176FEAE37040F0010070474FEA410CEC
:100C00007FEA6C5C02D150EA013C07D14FEA430C09
:100C10007FEA6C5CD6D152EA033CD3D05DF8040B7A
:100C2000704700BF8446104662468C4619466346AC
:100C300000E000BF01B5FFF7B7FF002848BF10F183
:100C4000000F01BD4DF808EDFFF7F4FF0CBF0120C8
:100C500000205DF808FB00BF4DF808EDFFF7EAFF44
:100C600034BF012000205DF808FB00BF4DF808EDFF
:100C7000FFF7E0FF94BF012000205DF808FB00BFF4
:100C80004DF808EDFFF7CEFF94BF012000205DF87E
:100C900008FB00BF4DF808EDFFF7C4FF34BF01208B
:100CA00000205DF808FB00BF4FEA410C7FEA6C5C56
:100CB00002D150EA013C0AD14FEA430C7FEA6C5C56
:100CC00002D152EA033C02D14FF0000070474FF0CE
:100CD000010070474FEA410212F5001215D211D5FA
:100CE0006FF47873B3EB625212D94FEAC12343F029
:100CF000004343EA505311F0004F23FA02F018BFAB
:100D0000404270474FF00000704750EA013005D173
:100D100011F0004008BF6FF0004070474FF0000036
:100D2000704700BF53B94AB9002908BF00281CBF4B
:100D30004FF0FF314FF0FF3000F00CB8ADF1080C70
:100D40006DE904CE00F008F8DDF804E0DDE90223E7
:100D500004B07047704700BF2DE9F04786468C46C7
:100D60000846089E154674461946002B40F0C1807F
:100D70008542B2FA82F245D94AB1C2F1200300FAA3
:100D800002FC954094402EFA03F343EA0C0C4FEA20
:100D9000154EA8B2230CBCFBFEF80EFB18CC08FBCA
:100DA00000F943EA0C43994528D9EB1808F1FF37BD
:100DB00004D2994502D9A8F102072B44A3EB0903F9
:100DC000A4B2B3FBFEFC0EFB1C330CFB00F044EAA8
:100DD0000344A04214D92C190CF1FF3304D2A042D1
:100DE00002D9ACF102032C44241A43EA07401EB195
:100DF000D440002334607360BDE8F0874746DDE7E8
:100E00006346F1E792BB431B01214FEA154EAFB297
:100E1000200CB3FBFEFC0EFB1C330CFB07F840EA76
:100E20000343984561D9EB180CF1FF3004D2984583
:100E300002D9ACF102002B44A3EB0803A4B2B3FB2C
:100E4000FEFC0EFB1C330CFB07F744EA0344A742ED
:100E50004DD92C190CF1FF3304D2A74202D9ACF1C1
:100E600002032C44E41B43EA0040C0E7C2F1200324
:100E70009540944020FA03F12EFA03F34FEA154E01
:100E80009040AFB20343B1FBFEFC0EFB1C10190CEB
:100E90000CFB07F841EA0041884522D969180CF19A
:100EA000FF3004D2884502D9ACF102002944A1EBFD
:100EB00008019BB2B1FBFEFC0EFB1C110CFB07F7FB
:100EC00043EA01439F420ED9EB180CF1FF3104D2E3
:100ED0009F4202D9ACF102012B44DB1B41EA0041E5
:100EE00093E76046E3E76146F7E76046A4E76346B9
:100EF000B8E7834206D916B9002108467CE7C6E95F
:100F000000E0F9E7B3FA83F78FB9834201D3724562
:100F100008D8BEEB020460EB030301209C461EB917
:100F2000002169E73846FAE7C6E9004CF8E7C7F15F
:100F3000200CBB400EFA07F522FA0CF42EFA0CF145
:100F4000BA401C4320FA0CF3B8404FEA144901435D
:100F50001FFA84FEB3FBF9F809FB18300B0C08FBF1
:100F60000EFA43EA00439A4540D9E31808F1FF30EE
:100F700004D29A4502D9A8F102002344A3EB0A0344
:100F800089B2B3FBF9F809FB183308FB0EFE41EAFE
:100F900003418E452CD9611808F1FF3304D28E45E8
:100FA00002D9A8F10203214443EA0040A1EB0E015B
:100FB000A0FB02984145CE46434602D306D14D459B
:100FC00004D20138B9EB020E68EB0403002EA7D05F
:100FD000B5EB0E0261EB030101FA0CFC22FA07F3F8
:100FE000F9404CEA0303C6E9003199E74046C5E7FA
:100FF0004346D9E7000000002DE9F04F824617462E
:101000001C4600259FB00391387810B9284600F09F
:10101000A9BD252809D00399D0470028C0F2A28590
:101020007B1C01350593059FEEE71822002110A8CF
:1010300008F082F97B78252B00F0BC8000239846CD
:101040009E469C461846791C0E4611F8012B2B2A09
:1010500000F0E38000F2DA80202A00F0E180232A09
:1010600000F0E1802BB19DF8483043F040038DF84B
:101070004830B8F1000F05D09DF8483043F0200308
:101080008DF84830BEF1000F05D09DF8483043F090
:1010900010038DF84830BCF1000F05D09DF84830A2
:1010A00043F008038DF8483028B19DF8483043F0EC
:1010B00004038DF848309DF8483003F0440144297A
:1010C00003D16FF386138DF848309DF848302A2AF3
:1010D00043F080030E968DF8483040F0A9809DF8CB
:1010E000493043F001038DF84930731C1A782E2AD9
:1010F0000CBF012100219DF8492061F341028DF8C8
:1011000049200CD15A1C0E925A782A2A40F0A0800D
:101110009DF84920023342F004028DF849201A78E4
:101120006C2A00F0C18000F2A380682A00F0A98038
:101130006A2A00F0C2804C2A00F0C78013F8012B05
:10114000782A05938DF84B2000F209816D2A00F270
:10115000C980692A00F20381572A00F2E280412AFD
:1011600004D0A2F14503022B00F2F98004219DF87E
:101170004A3002F0DF02A2F1410961F30203D9F122
:1011800000029DF8491042EB090262F3C7110A06FA
:101190008DF84A308DF84910CBB200F11F8103F071
:1011A0007802182A40F009816FF3C6038DF84930A0
:1011B0000023F8E08DF84B30BB1C05939DF84930B7
:1011C0009DF84A20DE0702F0070040F1098154F83B
:1011D000041B0029049108DA9DF8481041F004012D
:1011E0008DF84810049949420491590740F1008153
:1011F00054F8046B002E80F2FF809DF849306FF3A5
:1012000041038DF849304FF0FF36F5E02D2A0DD01F
:10121000302A7FF427AF012316E74FF0010C13E7C4
:101220004FF0010E10E74FF001080DE701200BE72A
:101230000EA804F035F80E9BB3423FF457AF9DF86B
:1012400048201390C00F60F341028DF848204DE70D
:101250000EA804F025F89DF848301490C3F340021E
:1012600042EAD07262F341038DF848300E9B56E794
:10127000742A26D07A2A7FF461AF06219DF849208E
:101280000CE05A78682A9DF8492006D1012161F3C3
:10129000C6028DF84920023350E7022161F3C602ED
:1012A0008DF84920013349E75A786C2A9DF8492086
:1012B00001D10421EBE70321F0E705219DF8492046
:1012C000ECE707219DF84920E8E7BDF8482022F423
:1012D000F04222F0020242F4804242F00202ADF8F3
:1012E0004820DFE76E3AD3B201229A4040F28243AF
:1012F0001A429DF8493039D112F0240F61D1D1073B
:101300002DD503219DF84A2003F07803A3F140086E
:1013100061F30202D8F100038DF84A2043EB080381
:1013200041E00120A2F15801C9B200FA01F111F423
:10133000624F7FF41BAF40F6010319429DF849301C
:101340001AD111F4043F0AD09DF84A2060F302023A
:1013500003F07803402B8DF84A207FF429AF9DF8E5
:10136000483043F001038DF8483021E702219DF811
:101370004A2061F30202EBE702209DF84A1003F0D5
:10138000780360F30201402B8DF84A1002BF9DF8EC
:10139000481041F001018DF84810632A7FF408AF2E
:1013A000003B18BF01239DF84820C2F340010B43C6
:1013B00063F341028DF8482000E713F0380FCED1D7
:1013C000F6E603219DF84A2013F0780F61F302023C
:1013D00014BF012300238DF84A20E4E70123E2E74C
:1013E0009DF948100029ACBF4FF0FF311399FBE67F
:1013F0009E077FF508AF149E00230428CDE9133320
:101400009DF8493007D1990705D49DF94910002965
:10141000ACBF06260D2602F00702012AC3F3C30360
:1014200032D1DA1E042A04D8DFE802F02045452034
:1014300020002268012B4FEAE271CDE910211BD177
:101440009DF94020D117CDE9102104349DF84820A2
:10145000069292074FD03A465046059B03990AF0F0
:101460005FFF0028C0F27E830544DCE554F8042BBE
:10147000D117CDE91021E9E7022BE6D111B242F3F1
:10148000C032CDE91012E0E7022A24D1DA1E042A84
:1014900004D8DFE802F0181010181800012B4FF0E4
:1014A000000154F8042B14D0022BCDE91021CDD12A
:1014B00092B21092CAE7073424F00704F4E802015C
:1014C000CDE91001C2E754F8042B109200221192CA
:1014D000BCE7D2B2CDE7042A08D1073424F00704D0
:1014E000D4E900010834CDE91001AFE7032AADD1FA
:1014F00054F8042BDDE79DF84B80B8F1780F3FF6E8
:1015000092ADB8F1570F5CD8B8F1250F00F0A48068
:10151000B8F1240F7FF687ADB8F1410F04D0A8F1E0
:101520004503022B3FF67FADDDE91023002BC0F20F
:101530004D810699080700F14C81C1F300194FEA6B
:101540004919C3F30A51C3F31303002940F044813E
:1015500052EA030014BF4FF0010C4FF0000CD80208
:1015600040EA5250D702CDE90C70B8F1460F47EA75
:10157000010740EAE17008BF4FF06608384300F009
:10158000B781BCF1000F10D01B0343EA12531703BD
:101590003A4618464FF0000C002880F25681BCF104
:1015A000000F40F05981CDE90C730D9BA1F2FE3B79
:1015B00043F000430D930021DDE90C230F46052085
:1015C00060E1A8F15802202A3FF62DAD01A151F8A3
:1015D00022F000BF9F1700102710001027100010E6
:1015E00027100010271000102710001027100010DF
:1015F00027100010271000102915001027100010C8
:101600004B1700105F170010291500102915001046
:1016100029150010271000105F1700102710001068
:10162000271000102710001027100010A517001019
:101630009F170010EF160010271000102710001041
:1016400069160010271000109F17001027100010B7
:10165000271000109F17001040460399D04700281C
:10166000C0F280820135DEE4002E109F3BDB314664
:10167000384607F0A3FF002F3FF4D5AC4FF0000928
:101680003E18F31B9DF84A2012F01001069100F05D
:101690005E82023312F04002DDF84C80089218BFDF
:1016A000149A434418BF9B18049ACDF81C80002A52
:1016B00040F36882D31A9DF8482004935007C2F380
:1016C000800B00F15F82510640F14F82B9F1000FAB
:1016D00007D048460399D0470028C0F24382D94634
:1016E0000135302242E2384607F03AFFC6E710984B
:1016F000002800F027820DF175030093002117AB3D
:1017000012AA03F0E3FD4FF000090746BDF84A3086
:1017100003F0EF0343F4F04343F01003ADF84A3015
:10172000002E0CDB9DF848200DF17503DB1B6FF3D9
:1017300086129E428DF8482001D9F31A1393002F88
:101740003FF471AC0DF175066DE0109B4FF0000990
:101750008DF85C300DF15D06012317AF92E7069B13
:101760001F0754BFC3F300194FF02B09DDE9102305
:1017700058BF4FEA4919002B06DA4FF02D095242A3
:1017800063EB4303CDE91023DDE910010DF175038F
:10179000009312AA17AB03F099FD0746C0E74FF07C
:1017A0000009F1E7109A072B3FF63DACDFE803F0A4
:1017B0000C04060C08080C0C157034E4158032E497
:1017C000EB17C2E900532EE415602CE44FF02D090D
:1017D000B7E64FF02B09B4E640F2FF70814231D1F9
:1017E000A34908F101085FFA88F811F808101343BB
:1017F00001F003011ED101290BBF492369234E21AA
:101800006E210CBF462266228DF85C309DF8483070
:101810008DF85D106FF386138DF85E208DF84830DB
:101820000DF15F0617AFF31BB9F1000F3FF42AAFBC
:10183000013327E7012915BF6E234E236121412182
:101840001A46E1E74FF0000C89E692184FF0010CC0
:1018500001F1FF3140419FE6CDE90C20A5E6520899
:1018600042EAC3725B08B3F1333F59460BF1010BF7
:10187000F5D201F1020B012100FB03FCA2FB0023C6
:10188000013F63441BF1020FE9DB09B1CDE90C23F1
:10189000DDE90C32BBF1000F2DDCCBF10401A1F12D
:1018A00020000BF11C0B02FA0BFB22FA00F0CA40DD
:1018B000CB40079208F0DF0243EA0B03472A43EAD2
:1018C00000037BD1F91C01DBBE422ADAA8F1020831
:1018D000002E5FFA88F87ADD9DF84820013E9206D6
:1018E00075D4B6F1000B18BF4FF0010B721C26E047
:1018F0004FF0000B5FE6023342F100020CA80BF13F
:10190000FF3B0137CDE90C320AF0DBFCDDE90C329C
:10191000DB185241002A0BF1FF3BF9DACDE90C321A
:10192000B6E79DF84820F61B90064DD4B6F1000BA3
:1019300018BF4FF0010BF2194FF066084AD4102A75
:10194000A8BF10229FED487B10208DED0E7B0B90E1
:10195000DDE90E01002A3FD1079A1B1842EB010175
:10196000B1F1805F47D2CDE90C31069BB8F1660F2B
:1019700003F0200240F0C680002F47DC30238DF8B2
:101980005C30002A76D1002E40F3BD812E238DF8E5
:101990005D3087B17B42B342A8BF3346002B13931F
:1019A000A6EB0306D4BF002301239DF84A2063F36E
:1019B00045128DF84A200DF15E0340E0B8F1660F44
:1019C0004FF0000BB7D091E74FF0000BB3E74FF0AB
:1019D000000B8BE70022B5E7400840EAC1704908D8
:1019E000CDE90E010EA8CDE908230AF06AFC089A99
:1019F000099B013AACE75B0843EAC1730CA84908AC
:101A0000CDE90C3101370AF05CFCAEE717AB0B995E
:101A100000290BDD0BA90CA8CDE906320AF069FC00
:101A2000069B013F079A03F8010BF0D11397AAB95F
:101A3000002E40F366812E2103F8011B0027002EA3
:101A400021DD0B9A002A1EDD0BA90CA806930AF0D3
:101A500050FC069B013E03F8010BF0E72E2203F831
:101A6000012BEBE7AFF3008000000000000000084E
:101A700014E300102E238DF85D30002F9BD0002E34
:101A800088DC0DF15E03BBF1000F4FD114961E46AA
:101A900008F0DF03452B24D1002FBABF7F422D234E
:101AA0002B23632FC8BF64227370C4BFB7FBF2F34C
:101AB00002FB13774FF00A02C8BF03F13001B7FBF6
:101AC000F2F3C8BFB17003F1300102FB137386F863
:101AD000008003F13003D4BF0236033631707370D7
:101AE0000236139B002B2BDC149B002BD4BF00234E
:101AF00001239DF84A2063F3861200238DF84A20C3
:101B000033708FE60BA90CA806920AF0F2FB069A36
:101B100030288DF85C0018BF07F1FF3712B9002E8E
:101B200040F3F1802E238DF85D3044E71E4616F811
:101B3000012C013B302AF9D02E2A08BF1E46A7E708
:101B40000123D6E7714E81460523771F9AE51107D9
:101B500048BF01339EE5104609920399D0470028FB
:101B6000099A05DA1FB0BDE8F08F2022DDF810B029
:101B7000594600290BF1FF3BEDDC049BCDF810B07A
:101B80002B445D1AB9F1000F05D048460399D047A0
:101B90000028E7DB0135089B002B77D09DF9493001
:101BA000002B28DB3B46DFF8689118789B4619F834
:101BB0000020013352073FD49DF84A30EF1B9806AE
:101BC0005F4407D44246002A08F1FF383BDC079BFC
:101BD0003B449F1A9BF800002E280AD10399D04756
:101BE0000028BFDBB8F1000F07F1010731DC0BF172
:101BF000010B5D4638E0B94699F80000C8467028E8
:101C000009F1010913D1EF1B149D47443D44EB1B1F
:101C1000002B33DC33464246504603990AF080FBE2
:101C200000289FDB3844049E0546064464E003997F
:101C3000D0470028E0DA95E706930399D0470028BB
:101C4000069BB2DA8EE730200399D0470028B9DA34
:101C500088E730200399D04708F1FF38C0E703999F
:101C6000D0470028FFF67EAF2878A84619F8003044
:101C700001355907F3D4A7EB0B07C5E730200399CB
:101C8000D0470028FFF66EAF0137C0E79DF84A3015
:101C9000DA0601D41B0706D530200399D047002867
:101CA000FFF660AF0135069B3BB103999DF84B00F1
:101CB000D0470028FFF656AF0135A84406E0302093
:101CC0000399D0470028FFF64DAF0135A8EB050377
:101CD000002BF4DC33463A46504603990AF020FBC9
:101CE0000028FFF63FAF28449DE720200399D04706
:101CF0000028FFF637AF0135731B002BF5DCFFF72B
:101D000092B91746BFE60DF15D03BCE682E800100C
:101D100015E30010000000002DE9F04FD7B00C468D
:101D2000CDE907120C93069009F0B0F80368184645
:101D3000159307F015FCA38914901F0603D523699A
:101D4000002B00F0A28700239FED797B9E46CDE912
:101D50002B332DABCDF868E0CDF828E02A93039320
:101D6000CDF83CE0CDE916EECDE918EE8DED127B15
:101D7000089C2378002B00F06581252B00F0628100
:101D8000254614F8013F0BB1252BF9D1089AA71A63
:101D900012D0039B2C9E1A601A465F603E442B9B18
:101DA0002C960133072B2B9300F3A080083203926B
:101DB0000A9B3B440A936B78002B01F02781002398
:101DC000651C4FF0FF3764788DF88B3009930293D0
:101DD0000135A4F120035A2B00F2AE80DFE813F0A6
:101DE000D502AC00AC00CF02AC00AC00AC006A0085
:101DF000AC00AC00E401FE01AC00EF01B702AC00A6
:101E0000B1025B005B005B005B005B005B005B00A2
:101E10005B005B00AC00AC00AC00AC00AC00AC0004
:101E2000AC003401AC00810196023401340134016C
:101E3000AC00AC00AC00AC008802AC00AC005B02B3
:101E4000AC00AC00AC009601AC007402AC00AC007D
:101E50000E07AC00AC00AC00AC00AC00AC00AC00B9
:101E6000AC003401AC008101BC0134013401340107
:101E7000F501BC018000AC001202AC0003020A07AD
:101E80001B028000AC0096017E000407AC00AC0091
:101E90003507AC007E00A4F13003002202EB820281
:101EA00015F8014B03EB4202A4F13003092BF5D9DD
:101EB00009928EE7069E304608F0E8FF4368184610
:101EC000199307F04DFB18900446304608F0DEFFEA
:101ED00083681A9314B1002B40F07A862C7877E748
:101EE000029B2C7843F02003029371E72AAADDE9D4
:101EF000060109F021FF80B92DAB039358E72AAA08
:101F0000DDE9060109F018FF002800F08C800B9B2A
:101F10001BB10B99069808F017FD079B9B895F067C
:101F200001F1E4820A9857B0BDE8F08FAFF300806A
:101F300000000000000000000D940895002C01F046
:101F40006580002201233DAD8DF8F44017469B4685
:101F50008DF88B2004930B920E92CDE91022029BF8
:101F600013F0020A02D0049B02330493029B13F085
:101F7000840405D1099B04995E1A002E00F38E8318
:101F80002C9E7AB12B9A0DF18B01039B0136013205
:101F900019600121072A2C962B92596000F3BE8309
:101FA00008330393BAF1000F0ED02B9A23A9039B99
:101FB0000236013219600221072A2C962B925960B1
:101FC00000F3B88308330393802C00F04682A7EB1C
:101FD0000B07002F00F38D82029BDB0500F1DF81F0
:101FE0002B9B0BEB0604039A01332C941560072BF3
:101FF000C2F804B02B9300F3F68208320392029BDE
:102000005B0705D5099B049A9D1A002D00F39E835A
:102010000499DDE909238A42ACBF9B185B180A9337
:10202000002C7FF46CAF00232B930B9B1BB10B99FF
:10203000069808F089FC2DAB089C03932378002BAD
:102040007FF49BAE089CB7E60C9B4FF0FF320D94DB
:102050000733089523F00701A84BB1EC027B55EC40
:10206000174B0C9125F000418DED1C7A1D91DDE997
:102070001C898DED127B40464946FEF715FE00286F
:1020800040F0F0844FF0FF329C4B40464946FEF74B
:10209000EDFD002840F0E68400220023204629467A
:1020A000FEF7DAFD002841F08E809DF88B20029B20
:1020B0000021934D23F080030B910293914B0D98D7
:1020C0000F4611914728C8BF1D4603201091834633
:1020D00004900E91002A3FF442AF049B0133049315
:1020E0003DE70C9B002208953DAD53F8041B1746B5
:1020F0000D940C9301238DF88B209B468DF8F410E2
:1021000004930B92119210920E9228E70C9E0D945C
:102110000024089556F8045B8DF88B40002D00F0E4
:1021200065877B1C00F0E5853A462146284608F085
:1021300015FF0B90002801F03F810B9B27469DF86F
:102140008B20A3EB050B0C960B942BEAEB730E94F0
:102150000493CDE91044BDE7029B0D949E060895BB
:1021600040F1DE800C9B073323F007031A465968C1
:1021700052F8083B0C920A460029C0F23384791CBD
:1021800000F02283029921F080010291002F40F09B
:102190001B8353EA020114BF0121002140F0148384
:1021A0000F4656AD8B4668E00C9B53F8042B002A73
:1021B000099280F23984099A0C9352420992029B47
:1021C0002C7843F00403029302E62C78029B682CDF
:1021D00000F0548543F040030293F9E52B232C785B
:1021E0008DF88B30F4E5029B08959C0640F128841D
:1021F0000C9B0A9A1B681A60D2175A600C9B043316
:102200000C93B5E52C78029B6C2C00F0308543F0E4
:1022100010030293DCE5029B78200C9A43F002093C
:1022200047F630033849ADF88C3052F8043B16912C
:1022300002210C92002208950D9000208DF88B0051
:10224000781C00F08F8129F08000029053EA020090
:1022500040F08681381E18BF0120002F40F0808199
:10226000002940F0AD8219F0010B0F4600F05C83AD
:1022700030230DF257158DF857315F454FF00003AD
:1022800039469DF88B20B8BF59460B930E930491A5
:10229000CDE910331EE7029B0D9443F0100308951F
:1022A0000293029B13F0200200F08B830C9B0733F8
:1022B00023F0070319465A6851F8083B0C9102991C
:1022C00021F480690021B8E7029B0D9443F01009C6
:1022D000089519F0200200F05F830C9B0121073361
:1022E00023F0070318465A6850F8083B0C90A4E7FF
:1022F000029B2C7843F00803029369E5FFFFEF7F10
:1023000018E400101CE4001028E40010029B0D9457
:1023100043F0100308950293029B9E063FF522AFFF
:102320000C9A52F8043B0C92029AD50600F1848371
:10233000029A540640F17C8343F3C0321BB211462B
:102340001AE7029B2C7843F08003029340E52A466B
:1023500012F8014B2A2C01F05081A4F130031546EC
:102360000027092B3FF635AD07EB870715F8014B22
:1023700003EB4707A4F13003092BF5D929E5029BAC
:102380002C7843F00103029322E59DF88B302C78E2
:10239000002B7FF41DAD20238DF88B3018E50D9BAD
:1023A000652B40F3318100220023DDE91201FEF7A5
:1023B00049FC002800F019822B9B0136904A01331A
:1023C00003992C960A60072B4FF001022B934A6069
:1023D00000F38E8508310391249B0F9A934204DB0E
:1023E000029BDF0701D4344609E6149B039A159932
:1023F0009C19C2E900132B9B2C940133072B2B93C0
:1024000000F32884083203920F9B5D1E002D7FF796
:10241000F6AD102D2B9B7B4E40F3DB801027039AEB
:10242000DDE9068903E0103D102D40F3D180013332
:102430001034072BC2E90067CDE92B3402F1080202
:10244000F1DD2AAA4946404609F076FC00287FF4CF
:102450005EAD2DAADDE92B34E5E7099B049AA3EBD9
:102460000208B8F1000F7FF7B2ADB8F1100F324695
:102470002B9B644E29DD1B954FF01009039C1946D8
:10248000DDE906A504E0A8F11008B8F1100F19DD88
:10249000013110320729C4E90069CDE92B1204F19A
:1024A0000804F0DD2AAA294650462DAC09F044FC68
:1024B00000287FF42CADA8F11008B8F1100FDDE969
:1024C0002B12E5DC1B9D0B460394039901330E6030
:1024D000072B08EB0206C1F804800A46CDE92B362B
:1024E00000F36585A7EB0B070832002F03927FF7F7
:1024F00073AD102F32462B9B424E22DD4FF0100958
:10250000039CDDE9068A02E0103F102F18DD01333D
:1025100010323C49072BC4E90019CDE92B3204F1F4
:102520000804F1DD2AAA514640462DAC09F004FC0E
:1025300000287FF4ECAC103F102FDDE92B32E6DCF5
:102540000394039901330E60072B07EB02064F60DB
:102550000A46CDE92B3600F31282083203923BE59E
:10256000DDF80890012900F03181022956AD12D121
:10257000169803F00F011B09415C43EA027312092C
:1025800005F8011D53EA0201F3D156ABCDF80890CE
:10259000A3EB050B71E603F00701DB08284643EACD
:1025A00042733031D20805F8011D53EA0204F2D11A
:1025B0003029EAD019F0010FE7D030230238CDF8E6
:1025C000089005F8013C56AB0546A3EB000B54E61A
:1025D00003920133039A2C44072B16605560CDE912
:1025E0002B347FF70AAD2AAADDE9060109F0A4FB26
:1025F00000287FF48CAC2DAB2C9C0393FFE400BF30
:1026000058E400105CE40010039B03F108070F9BE3
:10261000012B40F36A812B9B013603990122013380
:102620002C960D60072B2B934A6000F3E58103F194
:102630000108149A159B9419B8F1070FC7E90032E5
:10264000CDE92B8400F3E48108370F9B002203F1CE
:10265000FF390023DDE91201FEF7F4FA002840F00B
:10266000658108F1010801354C44C7F80490B8F1C0
:10267000070F3D60CDE92B8400F34A810837179A94
:1026800008F1010314447A60072B26AACDE92B3404
:102690003A60A8DC07F108030393B0E4102EDFF8DA
:1026A0007884DDE92B2129DD43461B94B8464FF0A1
:1026B00010092F46039C1D4602E0103E102E17DD28
:1026C00001321031072AC4E90059CDE92B2104F168
:1026D0000804F2DD2AAA079906982DAC09F02CFB14
:1026E00000287FF414AC103E102EDDE92B21E7DC2E
:1026F0002B4603943D461B9C474698460132039B5C
:102700003144072AC3F800805E602C912B9200F3BD
:102710009F8308339DF88B20039331E42AAADDE9D7
:10272000060109F009FB00287FF4F1AB2DAB2C9ECC
:10273000039337E42AAADDE9060109F0FDFA00282F
:102740007FF4E5AB2DAB2C9E03933DE4102D2B9B2A
:10275000DFF8C48320DD1027039EDDE9069A02E03E
:10276000103D102D17DD01331034072BC6E900870B
:10277000CDE92B3406F10806F2DD2AAA5146484677
:102780002DAE09F0D9FA00287FF4C1AB103D102D11
:10279000DDE92B34E7DC03960133039A2C44072B45
:1027A000C2E90085CDE92B347FF732AC2AAADDE9F6
:1027B000060109F0C1FA00287FF4A9AB2C9C27E49C
:1027C000074656AD834658E5DDF808900A2B72F1AE
:1027D000000180F09A8330334FF0010B0DF2571552
:1027E000CDF808908DF8573147E5249A002A40F338
:1027F0003D83DDE90E739F4205EB030AA8BF1F4628
:10280000002F0CDD2B9B3E44039A01332C96072BA3
:102810002B93C2E9005700F38785083203920E9C80
:10282000002FA8BFE41B002C00F33E820E9B2B441C
:102830009946029B580500F16D82249D0F9B9D4295
:1028400003DB029AD10740F1E084149B039A1599A7
:102850009C19C2E900132B9B2C940133072B2B935B
:1028600000F39C85083203920F9BAAEB09075D1BBE
:10287000AF42A8BF2F46002F0DDD2B9B3C44039A8F
:1028800001332C94C2F80090072B57602B9300F370
:10289000AB8508320392002FA8BFED1B002D7FF7F8
:1028A000AEAB102D2B9B994E7FF793AE1027039A5A
:1028B000DDE9068903E0103D102D7FF789AE013375
:1028C0001034072BC2E90067CDE92B3402F108026E
:1028D000F1DD2AAA4946404609F02EFA00287FF485
:1028E00016AB2DAADDE92B34E5E7029BDA073FF5AD
:1028F00092AE2B9B741C039A03F10108012315600F
:10290000B8F1070F2C94CDF8AC8053607FF7B7AEC9
:102910002AAADDE9060109F00FFA00287FF4F7AAD8
:102920002DAFDDE92B84AAE656ADA6E40F9B012B63
:102930007FF7A5AE112B754E40F3768343461025E5
:10294000DDE9068A05E0A9F11009B9F1100F40F39D
:102950006A8301331034072BC7E90065CDE92B34B6
:1029600007F10807EFDD2AAA5146404609F0E4F9CD
:1029700000287FF4CCAA2DAFDDE92B34E3E72AAAA7
:10298000DDE9060109F0D8F900287FF4C0AA2DABD3
:102990002C9E0393FFF720BB0C9951F8043B0C913C
:1029A00019F010010BD119F0400003D00A469BB278
:1029B000012142E419F4007201D0DBB20246012188
:1029C0003BE40C9951F8043B0C91029911F0100171
:1029D0007FF475AC029A12F0400000F03A839BB28B
:1029E0000A466CE45B42DDF808904FF02D004FF092
:1029F000010162EB420221E42AAADDE9060109F0A5
:102A00009BF900287FF483AA2DAFDDE92B360EE673
:102A10002AAADDE9060109F08FF900287FF477AAD8
:102A20002DAFDDE92B8410E62C780C93FFF7D0B99D
:102A3000029A900500F1F883DA171146FFF79CBB64
:102A4000029BD80600F1CC82029B590600F1E68376
:102A5000029B9A0540F1C4820C9B0A9A1B681A706B
:102A6000FFF7CCBBDDE9120102460B46FEF71CF96D
:102A7000002840F07C850D9B23F02008B8F1410F21
:102A800040F0F682612B4FF030038DF88C300CBF94
:102A900078235823632F8DF88D3000F3CB833DAD21
:102AA0000B90DDE91212002A80F2D0844FF02D0A3B
:102AB000DDE9121202F100432091219324A89DED3B
:102AC000200B09F085F800224FF07F5351EC100BDA
:102AD000FDF750FE02460B46CDE9042300220023F9
:102AE000FEF7B0F808B101232493094A07F1FF3833
:102AF000084B2F460D990F95612918BF1A46DDE93D
:102B000004450E92CDF810A092460DE05CE4001052
:102B100028E400103CE400106CE4001000220023C4
:102B2000FEF790F8F8B9C8460022AF4B2046294678
:102B3000FDF720FE0D460446FEF7CCF80646FDF7ED
:102B4000AFFD0B46024629462046FDF75BFC1AF80E
:102B50000630B8F1FF3FBB4608F1FF3904460D4689
:102B600007F8013BDAD12046294600229F4BDDF8C9
:102B700010A05C460F9DCDE90401FEF78BF80028FC
:102B800040F008850022994BDDE90401FEF75AF870
:102B900010B1F20700F1FE84B8F1000FC0F2128507
:102BA00008F1010330223B4407F8012BBB42FBD163
:102BB0005B1B0F93249B0E93029B01210D9A43F004
:102BC00002030F3202930E9BD2B2013B2493A7E281
:102BD0001A9B2C781B78002B3FF4FAA8029B43F435
:102BE00080630293FFF7F4B8DDF808900D94089520
:102BF000FFF76FBB0D940895FFF753BB7C4B0D940B
:102C000008951693029B13F0200200F0CC800C9BD9
:102C1000073323F0070319465A6851F8083B0C9113
:102C200053EA02010BD00299CC0708D541F002010A
:102C300002910D998DF88D1030218DF88C1002992C
:102C400021F480690221FFF7F8BA6A4B0D940895C8
:102C50001693D7E72AAADDE9060109F06DF80028E6
:102C60007FF455A92DAB2C9C0393FFF7CDBB43F00C
:102C700020036C7801350293FFF7AAB843F4007380
:102C80006C7801350293FFF7A3B84021069806F04F
:102C900093F8079B18601861002800F024844023F3
:102CA000079A5361FFF74FB8102C32462B9B524EB8
:102CB00040F38F8210270399DDE9068903E0103C79
:102CC000102C40F3858201331032072BC1E90067D5
:102CD000CDE92B3201F10801F1DD2AAA494640462F
:102CE00009F02AF800287FF412A92DA9DDE92B327A
:102CF000E5E728460C9606F033FC20EAE073274609
:102D000083469DF88B200B941194049310940E9499
:102D1000FFF7E0B9109B002B06DC119B002B03DCB6
:102D2000D14528BFD14688E53046334F4FF01008D3
:102D3000DDF844B0039A1A9EBBF1000F44D00BF1AA
:102D4000FF3B189B19991844C2E900132B992C904A
:102D5000013107292B9100F3C0800832AAEB090545
:102D600031788D42A8BF0D46002D0BDD2B992844EC
:102D700001312C9007292B91C2E9009500F32481A1
:102D800008323178002DACBF4C1B0C46002C20DCE7
:102D9000109B8944002BCFDCBBF1000FCCDC1A96D2
:102DA00006460392BCE70C9951F8043B0C9102993A
:102DB00011F010017FF434AF029A12F0400000F0DD
:102DC00040819BB20A462BE7109B013E013B1093CA
:102DD000B7E7102C2B9940F3298425460396079CCE
:102DE000069E0D970DE000BF000030400000E03F60
:102DF0003CE4001028E400105CE40010103D102DAD
:102E000017DD013110300729C2E90078CDE92B1018
:102E100002F10802F2DD2AAA2146304608F08CFFB2
:102E200000287FF474A8103D2DAA102DDDE92B1089
:102E3000E7DC2C46039E0D9D0131204415600729D7
:102E40005460CDE92B1000F39D82083231789FE762
:102E50002AAADDE9060108F06FFF00287FF457A8D1
:102E60002DAB9DF88B200393FFF78AB82B9B741C26
:102E70007C49013303982C940160072B4FF001012A
:102E80002B93416000F3B481083003900F9B1343F0
:102E900000F06582149B03981919159CC0E9004342
:102EA0002B9B2C910133072B2B9300F34A8200F1CB
:102EB000080B002AC0F2A8820F9A0133CBF8005009
:102EC0005418072BCBF80420CDE92B343FF78BABFC
:102ED0000BF108030393FFF792B82AAADDE9060174
:102EE00008F02AFF00287FF412A82DAA2C9835E7B5
:102EF0002AAADDE9060108F01FFF00287FF407A8D1
:102F00002DAB2C9E0393FFF767BA0021029709F4BB
:102F100080640DF5AC7CDFF854A18E461A9F06E064
:102F20000A2B72F1000237D343463246AC4698185A
:102F30004FF0050B0EF1010E0CF1FF3540F10000D2
:102F4000AAFB001626F0030101EB96014FF0CC36E8
:102F5000401A191A62F1000806FB01F60AFB08661E
:102F6000A1FB0A810E4408F001014FEA5808A1FBB9
:102F70000B1B48EAC6780918760830310CF8011C9A
:102F8000002CCDD039787145CAD1FF29C8D00A2B81
:102F900072F1000280F01B8256AB1A97CDF83CE02C
:102FA000029FA3EB050BCDF80890FFF766B92AAA9C
:102FB000DDE9060108F0C0FE00287EF4A8AF2DABC5
:102FC0002C9E0393FFF703B82AAADDE9060108F057
:102FD000B3FE00287EF49BAF31782DAA2C98D1E661
:102FE0000C9B0A9A1B681A60FFF708B9062F3B462C
:102FF0002A462F4628BF06230B950E959B46049321
:103000000C96CDE91055184DFFF764B82C9B002B9A
:103010003EF483AF079C2AAA0698214608F08CFE4E
:10302000A389FEF77CBF984608F101084C443E6036
:10303000B8F1070FC7F80490CDE92B847FF71EABDA
:1030400066E4029A12F400723FF4EAADDBB2024683
:10305000E6E5029A12F400723FF431A9DBB20246AF
:10306000FFF72DB958E4001050E40010CDCCCCCCC3
:10307000791C00F0E980B8F1470F02D1002F08BF9A
:103080000127029ADDE9120142F480740029C0F29E
:103090003C824FF0000ACDE91E01B8F1460F9DEDCC
:1030A0001E0B00F00581B8F1450F40F0E08128AB20
:1030B0007A1C02210698019325AB16460F920093C5
:1030C00024AB00F0F5FA0022054686190023DDE95D
:1030D0001E01FDF7B7FD002840F0C582289BB342D2
:1030E00006D230215A1C28921970289B9E42F9D88A
:1030F0005B1BB8F1470F0F93249B0E9340F0BC82EB
:103100000E9B9F4202DB033380F2B3800D9B023B98
:103110000D930E9B00219DF83420013B0B912493CD
:10312000002B8DF89820C0F2EB812B22092B8DF813
:10313000992040F3C9810DF1A70EDFF86CC57646E2
:10314000ACFB03211C463046013EC908632C01EB51
:103150008102A3EB42020B4602F1300200F8012C7F
:10316000EEDC303306F8013C831E734580F081822B
:103170000DF1990213F8011B734502F8011FF9D1F3
:1031800056AB181AA0F1AD0317930F9B179A012B9A
:1031900003EB020B40F3AF81149B9B44029B2BEA91
:1031A000EB7223F48063049243F480730293002350
:1031B000119310930E93BAF1000F54D157469DF816
:1031C0008B20FEF787BF2D228DF88B20FEF76FBF77
:1031D0000391039901330E60072B04EB02064C6048
:1031E0000A46CDE92B3631DC08320392FFF71EBBCD
:1031F0002AAADDE9060108F09FFD00287EF487AECB
:103200002DAB249A2C9C039340E6AAEB09075D1B87
:103210003446AF42A8BF2F46FFF73DBB0C9B0A9A2E
:103220001B681A80FEF7EABF43F3C0125BB2114677
:10323000FEF7A2BF791C069805F0BEFD05460028E2
:1032400000F023820B902CE406271AE72AAADDE976
:10325000060108F071FD00287EF459AE2DAB2C9EBE
:103260000393FFF7E3BA2D2200278DF88B20FEF79A
:1032700034BFDDE90E23934200F3EE80029BDF07AB
:1032800040F185810E9B149A03EB020B029B5E05B5
:1032900003D50E9B002B00F341812BEAEB730493C3
:1032A00067230D93002302940B93CDE9103382E73B
:1032B00028AB3A4603210698019325AB009324AB33
:1032C00000F0F6F903780546302B08D100220023E0
:1032D000DDE91E01FDF7B6FC002800F09C81249E6C
:1032E000002200233E44DDE91E01FDF7ABFC00286F
:1032F00000F07E81249B0F96029A002B02F00102BF
:103300000E9342EA070240F38A81002A40F0698165
:103310006623DDF838B00D93029B5E0500F1008155
:103320002BEAEB730493BDE72AAADDE9060108F056
:1033300003FD00287EF4EBAD2DAB2C9E0393FFF72D
:103340006EBA2AAADDE9060108F0F6FC00287EF430
:10335000DEAD249A0DF1B40BDDE92B31A9E5029B1A
:10336000DE077EF54CAE149B039A15981919C2E935
:1033700000032B9B2C910133072B2B93E1DC02F1F3
:10338000080B99E52AAADDE9060108F0D5FC00281A
:103390007EF4BDAD31782DAA2C98F9E42AAADDE996
:1033A000060108F0C9FC00287EF4B1AD2DAB249DC8
:1033B0002C9C0393FFF758BABB4604979DF88B20CB
:1033C00007460C960E90CDE91000FEF783BE189BC1
:1033D0001999ED1A1A46284608F07AFC7B7803B151
:1033E00001374FF0000E9FE52AAADDE9060108F03B
:1033F000A3FC00287EF48BAD0F9B249D2C9C5D1BB1
:103400002DAB0393FFF747BA57421032A34E4DDA64
:103410001024DDE9068902E0103F102F46DD01335C
:103420001031072BCBE90064CDE92B310BF1080BF0
:10343000F2DD2AAA4946404608F07EFC00287EF4C8
:1034400066AD0DF1B40BDDE92B31E5E74FF0000A75
:10345000CDE92012FFF732BB0F9B149A03EB020B4E
:103460000E9B002B40F3B48067230D9354E728ABE9
:103470003A4602210698019325AB009324AB00F055
:1034800017F9029B0546D8070AD500220023DDE97B
:103490001E01FDF7D7FB002840F0B980EE191DE6AC
:1034A000289B5B1B0F93249B0E9329E60133394421
:1034B000CBF80060072BCBF80470CDE92B3100F37B
:1034C000B7800BF1080BF7E4002940F0938030221D
:1034D0008DF89A200DF19B02303302F8013B26ABA8
:1034E000D31A179351E60C23069A13604FF0FF335B
:1034F0000A93FEF717BD029BDB077FF54FAE4BE645
:103500000E9B2D22C3F1010310E6DDE912124FF0EC
:103510002D0A02F100431E911F93BEE567230D9310
:103520001A990B78FF2B00F0AC8000200E9A06460B
:1035300003E001360131FF2B08D09A4206DDD21A92
:103540004B78002BF5D10B780130F4E70E921190F7
:103550001A9110960294DDE910321344189A02FB76
:1035600003BB00230B932BEAEB73049323E6139B1B
:10357000002B6ADB9DF88B20029B494D23F08003D2
:103580000293002319460B93464BFEF798BDDDF8D6
:1035900038B07BE60E9B3A462894D97B17F8013C5D
:1035A000994209D1302002F8010C289A531E289321
:1035B00012F8013C9942F6D0392B57D00133DBB2D7
:1035C00002F8013C7B1B0F93249B0E93FFF7F4BA88
:1035D000C3F101039B4467230D932BEAEB73049320
:1035E00060E6149A134403EB070B66230D9393E6EE
:1035F0002E4473E50DF19A026EE70C9B6C7815462C
:1036000053F8047B47EAE7770C93FEF7E1BB249B72
:10361000CDE90E3774E5C7F10106249660E6C2B91C
:10362000012366229B4604930D923BE61B4D03E467
:103630002AAADDE9060108F07FFB00287EF467ACCA
:103640000DF1B40BDDE92B3136E42D228DF88B2002
:1036500092E7149B013303EB070B66230D932BEAD0
:10366000EB7304931EE6249B0E9352E50E9B9B7A0C
:10367000A6E70223179388E5B8F1460F3FF43CAE66
:1036800047E50023CDE9103364E707998B8943F0C0
:10369000400213468A81FEF742BC00BF5CE4001082
:1036A00020E4001024E40010CDCCCCCC00000000BD
:1036B0002DE9F04F9DB00091016C269D06900B9274
:1036C000099357EC106B8DED040B49B1426C01234B
:1036D000044693404A608B6007F032FD0023236468
:1036E000B7F10009C0F2B38000232B607C4B33EAB2
:1036F000090300F0B780002200239DED047B51EC0C
:10370000170B8DED027BFDF79DFA804668B1012312
:10371000099A1360279B13B1724B279A1360DFF845
:10372000D08140461DB0BDE8F08F9DED020B1AAA76
:103730001BA9069808F034F883465FEA195540F053
:10374000A880DDE91A85454405F23243202B40F379
:103750004B82C3F1400309FA03F905F2124326FA3A
:1037600003F349EA0300FCF78BFF013D0123A1F1BC
:10377000F871129300225C4BFCF744FE52A3D3E98C
:103780000023FCF7F7FF52A3D3E90023FCF73CFE2C
:1037900006460F462846FCF783FF4FA3D3E90023D4
:1037A000FCF7E8FF02460B4630463946FCF72CFE94
:1037B00006460F46FDF78EFA002282460023304669
:1037C0003946FDF749FA002840F00182A8EB0508C8
:1037D000BAF1160F08F1FF33079300F2A681434EAA
:1037E00006EBCA06DDE90201D6E90023FDF734FA4B
:1037F000002800F0838000230AF1FF3A1193079B11
:10380000002BC0F2988100230C93BAF1000F7BDAF1
:103810000C9BCDF834A0A3EB0A030C93CAF1000370
:103820004FF0000A1093009B092B77D8052B40F32B
:10383000E081043B00270093009B023B032B00F236
:103840005686DFE813F051044E0445042A04012390
:1038500029F000492B60224BCDF8149033EA09037C
:103860007FF449AFC9F3130942F20F73099A59EA79
:10387000060913601DD0279BDFF87880002B3FF4EA
:1038800050AF08F10303279A404613601DB0BDE80E
:10389000F08FDDE90212CDF84880A5F2FF35C2F3C2
:1038A00013030846DDF8688043F07F5141F440116E
:1038B00060E7279BDFF84080002B3FF432AF08F130
:1038C0000803E0E7AFF3008061436F63A787D23F4F
:1038D000B3C8608B288AC63FFB799F501344D33FFF
:1038E0000000F07F59E400100000F83F90DF001066
:1038F00058E40010A8E400109CE40010B8F1000F98
:1039000040F3AE8411900C90079BCDF834A0534443
:10391000079300231093009B092B87D900230127CD
:103920004FF0FF3200930A920E970B93069B0021F3
:1039300059640A9B1393069807F0DCFB0890002853
:1039400000F0DE850A9B089A0E2B8CBF002707F03B
:103950000107069B1A64002F00F01A810D9A002AB5
:1039600040F34981BB4E02F00F03D4054FEA221801
:1039700006EBC303D3E9006740F16E83B64B08F052
:103980000F080325D3E90823DDE90201FDF71CF840
:10399000CDE91401B8F1000F12D0DFF8BC9218F095
:1039A000010F08D0304639460135D9E90023FCF72C
:1039B000E1FE06460F465FEA680809F10809EED104
:1039C00032463B46DDE91401FCF7FEFF804689469E
:1039D000119B43B10022A14B40464946FDF73CF9FB
:1039E000002840F044842846FCF75AFE42464B46E5
:1039F000FCF7C0FE9A4B0022FCF706FD0A9B064628
:103A0000A1F15077002B00F0AA800A9B0D9C149323
:103A1000089B404614995D1CCDE916678D4E06EB58
:103A2000C103494613ED027B8DED187BFDF752F97A
:103A300000F13007FCF734FE02460B46404649468B
:103A4000FFB2FCF7DFFC80460E988946DDE91823BB
:103A5000002800F00D8100208249FCF7B5FFDDE968
:103A60001623FCF7CFFC089E42464B4637700646AD
:103A70000F46FDF70FF9002840F02C850023CDF804
:103A800060A0CDF858B09A46DDF850B014942BE001
:103A90000AF1010ADA4580F2B9843046394600223B
:103AA000714BFCF767FE00226F4B06460F464046FF
:103AB0004946FCF75FFE89468046FDF70BF9044650
:103AC000FCF7EEFD02460B46303440464946FCF713
:103AD00099FC32463B4605F8014B80468946FDF786
:103AE000BBF8002840F0988442464B4600205B49D2
:103AF000FCF788FC32463B46FDF7AEF80028C7D0FD
:103B0000DDF858B02F46149C089902E08F4200F06F
:103B10005B843A4617F8013D392BF7D00133DBB20D
:103B20003B70DDF82080089269E101231193079B27
:103B3000002BBFF668AEC8F101030C930023079376
:103B400063E62846FCF7ACFD42464B46FCF712FE06
:103B50000022434BFCF758FC0646A1F15077404643
:103B600049460022414BFCF74DFC32463B4680461D
:103B70008946FDF78FF8002840F0AB834046494660
:103B8000324607F10043FDF767F8002840F0D48182
:103B90000D9A1B9B0E2A02DC002B80F2AC810E9A40
:103BA000002A00F0B480009A012A40F383830A9B24
:103BB000109A5D1EAA42C0F2C582002BA2EB050539
:103BC00080F258840C9B0A9AA3EB0208C7E2504685
:103BD000FCF766FD32463B46FDF734F800287FF4DB
:103BE000F5AD0AF1FF3AF1E5C3F1200306FA03F05F
:103BF000B9E5012720E600F0A1820D9B154E5D423C
:103C000005F00F0306EBC303DDE90201D3E900234E
:103C1000FCF7B0FD2E11CDE9140100F050840E4CDC
:103C20000023022580468946F00709D540464946CB
:103C30000135D4E90023FCF79DFD3B4680468946CB
:103C4000761004F10804EFD1002B7FF4C1AEDDE95A
:103C50001489BDE690DF001068DF00100000F03F1F
:103C600000001C400000E03F000024400000144021
:103C7000DDE91601FCF77EFD089B1F70149B012BEC
:103C8000CDE90E0100F00884149F089BCDF848A0F0
:103C90001F440022AA4B40464946FCF76BFD89466B
:103CA0008046FDF717F88246FCF7FAFC02460B4601
:103CB0000AF1300A40464946FCF7A4FB05F801AB7F
:103CC000AF4280468946E4D1DDF848A000229D4BF2
:103CD000DDE90E01FCF798FB42464B46FCF7BCFFC2
:103CE000002840F0798300209649DDE90E23FCF797
:103CF00089FB42464B46FCF7CDFF002840F0188276
:103D00001B9B002B03DB0D9B0E2B40F3F580002348
:103D1000109DDDF830801E460E93B8F1000F0DDDCA
:103D2000079A002A0ADD424513460C99A8BF43466C
:103D3000C91AA8EB0308D31A0C910793109B53B12F
:103D40000E9B13B1002D40F01D825946109A069823
:103D500007F086FB83460121069807F0A1FA074683
:103D6000BAF1000F40F06381009B012B40F37A8190
:103D7000012307990B4413F01F0308D0C3F120025D
:103D8000042A00F3B4810AD0C3F13C0300E01C23F1
:103D90000C9A98441A440C92079A1A4407920C9B66
:103DA000002B05DD59461A46069807F0B3FB8346FB
:103DB000079B002B05DD39461A46069807F0AAFB3B
:103DC0000746009B022B119BD4BF00250125002B29
:103DD00040F0BE800A9B002B24DC1DB30A9B002B05
:103DE00000F08E810B9BDDF82080DC43394606987D
:103DF00007F0A6F91EB13146069807F0A1F9594619
:103E0000069807F09DF900220899631C0A70099A28
:103E10001360279B002B3FF484AC404619601DB013
:103E2000BDE8F08F0E9B002B00F0AF80B8F1000FC3
:103E300000F3BF81BAF1000F40F0D182B146089D76
:103E40000A9C6B1E1C44049B03F00103CDE90A434A
:103E5000069C3946584606F041FB31468246584694
:103E600007F0CCFB4A4639468046204607F0E8FB7F
:103E7000C26801460AF13003002A40F0A181029095
:103E80005846079307F0BAFB02990290204607F0C4
:103E900057F9009B029A52EA0301079B40F0C18147
:103EA0000B9A002A00F0F182B8F1000FC0F2AC8149
:103EB0000A9AA846AA4208F8013B00F0D082594667
:103EC00000230A22204607F045F94E458346314635
:103ED0004FF000034FF00A02204600F09C8107F0EB
:103EE00039F94946064600230A22204607F032F9EE
:103EF00045468146ADE7144E0D9B06EBC3060B9B72
:103F000096ED007B002B8DED007B80F2E7810A9B14
:103F1000002B00F3E3810A9B73B900220B4BDDE910
:103F20000001FCF727FC02460B46DDE90201FCF725
:103F30009DFE002800F0CD8100273E4652E700BFDD
:103F4000000024400000E03F90DF0010000014401B
:103F50003946584607F052FB0028BFF63BAF0D9B91
:103F600059460A220698013B0D93002307F0F2F808
:103F70000E9B8346002B40F09182139B002B139BDA
:103F80000A9302DC002D7FF429AFDDF820800125A3
:103F90000A9CDDF8189007E0594600230A2248469B
:103FA00007F0D8F8013583463946584606F096FAA8
:103FB000A54200F1300308F8013BEDDB0A9A002529
:103FC000002ACCBF90464FF00108089A9044594609
:103FD00001220698009307F09DFA3946834607F0C0
:103FE0000DFB002840F3E281089A02E0904500F0C2
:103FF000D28118F8013CC24608F1FF38392BF5D0C0
:1040000001330D9C88F800303946069807F098F87F
:10401000002E00F0C6812DB1B54203D02946069886
:1040200007F08EF8DDF82080CDF820A0E3E6014609
:104030005246069807F014FA009B0746012B40F3FE
:1040400094804FF0000A3B6907EB8303186907F07F
:10405000D3F8C0F120038CE69DED027B02258DEDA7
:10406000147B97E4049B002B7FF482AEDDE90412FD
:10407000C2F31303002B7FF47BAEAC4B134033B180
:104080000C9B01330C93079B013307930123BAF177
:10409000000F40F0F8819A466AE601230E930B9BCD
:1040A0000D9A134413930133012B1D460A93B8BF95
:1040B0000125172D40F31282012204235B001146D3
:1040C000013203F11400A842F8D9069B596432E486
:1040D00001230E930B9D002D40F3BD8013950A958F
:1040E000E7E700230E93DAE700230E93F2E7C3F12C
:1040F0001C030C9A19441A4498440C9207914EE6FA
:1041000039460522069807F025F8074658463946ED
:1041100007F074FA00287FF765AEDDF82080089B71
:104120000D9C013301340893312388F800305DE69B
:104130003A4617F8013D302BFAD0F2E40225DDE9CA
:10414000028945E4109B0A9AEB1A109500259A44BF
:10415000079B134407930C9B984613440C9301212F
:10416000069807F09DF80646D7E5049B002B7FF4E0
:1041700068AFDDE90401C1F313030A46002B3FF4E5
:104180007CAF5EE7069C31462A46204607F068F978
:1041900006465A462046314607F0B0F8594683464F
:1041A000204606F0CDFF109B5B1B10933FF4D3AD70
:1041B000CBE531464246069807F0ACF9064639E6AB
:1041C0000698029306F0BCFFB8F1000F029B08DBD3
:1041D000049A009902F0010248EA010852EA080232
:1041E0002ED1594601220698009307F093F93946DB
:1041F000834607F003FA0028009B40F36581392BC2
:1042000000F030810AF13103AA460D9C35464E4636
:104210000AF8013BF8E606F09DFF45460646814652
:1042200017E6B8F1000FC0F25E81009948EA010874
:104230000B9951EA080800F05681002A7FF738AE42
:10424000392B00F00F81AA46013335460D9C4E46AE
:104250000AF8013BD8E60123CDE90A33FFF766BB34
:10426000C8F10103079011900C93FFF74DBB0A9B17
:10427000002B3FF466AC139B002B7FF789AC0D9AA3
:10428000404649461493541E294B0022FCF772FA0B
:1042900080468946681CFCF703FA42464B46FCF709
:1042A00069FA0022234BFCF7AFF80646A1F15077DC
:1042B000FFF7AEBB129A002A00F08A8003F2334364
:1042C000079A109D1A4407920C9A90461A440C9231
:1042D00045E70027DDF820803E4620E7DDE902893A
:1042E000DDE9002340464946FCF76EFB089FFCF7DA
:1042F000F1FC0546FCF7D4F9DDE90023FCF73AFAB6
:104300000B46024649464046FCF77CF805F130036F
:1043100007F8013B0A9B012B00F08880CDF808B01C
:104320000126DDF82890DDE900AB21E00000F07FF8
:104330000000244000001C4052465B4620462946AF
:10434000FCF742FB0136FCF7C5FC8046FCF7A8F9F8
:1043500052465B46FCF70EFA0B46024629462046BB
:10436000FCF750F808F13003B14507F8013B5AD08B
:104370000022704BFCF7FEF90022002304460D4694
:10438000FCF760FC0028D7D0DDF808B0DDF820800D
:104390000D9C089733E50D9C3123089A0134137066
:1043A00032E6DDF82080CDF820A028E503D1009B7F
:1043B000DB073FF519AE18F8013CC24608F1FF389B
:1043C000302BF8D00D9C1FE601343123FFF7A8BB3A
:1043D0001A9BC3F1360373E70899FFF79ABB71681C
:1043E000069806F087FE0546002800F090803369A5
:1043F00006F10C010C3002339A00FBF789FF2946C5
:104400000122069807F086F8814618E5DDF860A0DD
:10441000DDF858B0FFF7BCBBDDF82080DDF858B000
:10442000149C0895EBE4DDF808B0454602460B46BF
:10443000FBF7EAFF80468946DDE90023FCF72AFC0A
:1044400048B940464946DDE90023FCF7FBFB00285C
:104450009CD0E9079AD50D9C0899FFF75ABB3546C1
:104460004E46B4E5A84639233546089A4E4608F824
:10447000013BBEE5079B0A9A134407930C9B9846A1
:1044800013440C936BE69A46DDE5392BEAD0B8F17C
:10449000000F3FF7B7AEB7E62F4617E431460023CB
:1044A0000A22069806F056FE139B0646002B139B25
:1044B0000A933FF7BBAC002D7FF490ACB6E4DDE986
:1044C00014890225FFF784BA7FF49EAEDA077FF5E0
:1044D0009BAE94E6DDF82080089590E40021069BD1
:1044E0005964FFF728BA002A3FF77BAE8CE6069B9B
:1044F0000025184629465D6406F0FCFD089068B961
:104500000D4B00224FF4D5710C4804F013FC024609
:10451000094B40F2EA21094804F00CFC069B089A7A
:104520000B951A644FF0FF33012213930E920A93F6
:10453000FFF72EBB00002440ACE40010C0E40010E4
:104540002DE9F04F87B0049103EB4301490003913B
:1045500002F1FF3B1BF8011F11B907B0BDE8F08F56
:10456000A1F12002D2B23B2A28BF202100242B4AED
:1045700001EB81018A18019282B215460292BDF8C0
:10458000102005920826019A059812F8019F0192C1
:1045900019F0010F2ED04FF0000A03EB000E1FFAA6
:1045A0008EFE05EB0A0C02461FFA8CFC03E001327A
:1045B00092B2724518D0BCF17F0FF8D83F2AF6D8D6
:1045C000012102F0070742F3CC0801FA07F714496A
:1045D0000CEBC81811F8081001320F4392B21049C1
:1045E000724501F80870E9D10AF1010293424FF0D7
:1045F000010AD6D8013E184416F0FF064FEA5909C1
:1046000080B2C5D10134E4B21D44052CADB2B9D19C
:10461000DDE90202104400B29CE700BFF3E50010A0
:10462000C81200201FB500238DF800300B4B8DF809
:10463000010018680223CDF804D002938DF80C30E5
:104640009DF80C30826843F002038DF80C309468BA
:104650003C23012201A9A04704B010BD381100205D
:1046600040F2094330B589B001939DF8083000F05D
:104670003F02234D23F03F03134304468DF80830D7
:104680002868836801A91B6898471422002103A8A1
:1046900004F052FE0123A34004930DF1020305939D
:1046A000022306930C2328688DF81C30836803A925
:1046B0005B68984708BBBDF802309FED127A07EEA1
:1046C000903AF8EE677A67EE877A9FED0F7ADFED22
:1046D0000F6A67EE877A87EEA67A2CB9B1EE040AE4
:1046E00027EE000A09B030BDF0EE047A37EE677AA3
:1046F000DFED077A87EE270AF4E79FED060AF1E778
:104700003C11002000404E450000803900007A44F2
:10471000A4703D3E00000000012110B504460A4B84
:1047200018681B79994003691B6819420CBF23461E
:1047300084F001032BB18368DB689847034B1C703E
:1047400010BD83681B69F8E730110020C9160020EE
:104750002DE9F04F95B002AF0321C64AC64808F0D4
:1047600004F9C648C64B186009F063F850B9C54A49
:104770000121C14808F0F9F84FF0FF304C37BD4631
:10478000BDE8F08F10210022BF4BC048197118609E
:10479000DA8002698468136823F480331360236825
:1047A0004FF4C0229847044608B1B94AE0E7DFF861
:1047B0003893B848C9F8000009F03BF808B9B64A80
:1047C000D6E70021642009F024F9AE20FFF72AFF84
:1047D000D520FFF727FF8020FFF724FFA820FFF751
:1047E00021FF3F20FFF71EFFD320FFF71BFF2046CE
:1047F000FFF718FF4020FFF715FF8D20FFF712FF8E
:104800001420FFF70FFF2020FFF70CFF2046FFF7D3
:1048100009FFA120FFF706FFC820FFF703FFDA20FA
:10482000FFF700FF1220FFF7FDFE8120FFF7FAFEE1
:10483000CF20FFF7F7FED920FFF7F4FEF120FFF7B6
:10484000F1FEDB20FFF7EEFE4020FFF7EBFEA42099
:10485000FFF7E8FEA620FFF7E5FEAF20FFF7E2FE38
:104860004FF4806221468D4804F066FD03218C4A96
:10487000814808F07AF80120FFF74EFF894EDFF8F3
:104880006CA20020FFF7ECFE012086ED000AFFF786
:10489000E7FED6ED007AB2EE057AF4EEC77AF1EED5
:1048A00010FA8AED000ADFF8488240F1B2807E49B2
:1048B0007E4804F0F7FD98F800B0BBF1000F19D165
:1048C0005846FFF729FF01236D4688B088F800306D
:1048D00002AA774B5361754B93614FF40073938336
:1048E000744B42F8103F4FF4E4515B46624800F0CD
:1048F000C3FFAD4609F0EAF8031BC72B786040F20E
:1049000083804FF480620021644804F015FD012388
:10491000694A02210A20FFF713FE3068FBF7D2FE36
:10492000664ACDE90001202107F1280004F076FD58
:10493000022307F1280212210520FFF701FEDAF811
:104940000000FBF7BFFE5E4ACDE90001202107F120
:10495000280004F063FD02232221052007F128022C
:10496000FFF7EEFD574B58491878584A01230028A5
:1049700018BF0A4632210520FFF7E2FD98F8002013
:1049800022B13A210520494AFFF7DAFD2120FFF73D
:1049900049FE0020FFF746FE7F20FFF743FE22205E
:1049A000FFF740FE0020FFF73DFE0720FFF73AFE2D
:1049B0004FF000084FF0400B384C87F814B007F167
:1049C000150304F1100254F8041B944243F8041B2D
:1049D000F9D107F11403BB601123FB600223D9F85E
:1049E00000003B743B7C826843F002033B74936895
:1049F00007F108011D4601223C2308F10108A847E0
:104A0000B8F1400FD9D17C680021642009F001F889
:104A100037E7B2EE0D7AF4EEC77AF1EE10FA01DD67
:104A20002B4945E7DFED2B7AB4EEE70AF1EE10FAF9
:104A300001D529493CE7F0EE007AB4EEE70AF1EE41
:104A400010FA01DB254933E72549184804F02AFD0F
:104A500098F80030002B3FF44DAF0120FFF75CFECB
:104A6000002388F8003003211E4A034807F07DFF29
:104A700040E700BF9FE500101CDF00101CDC0010A9
:104A80003C110020B9E5001030110020FCDB0010C3
:104A9000CEE500105CDC0010EDE50010C81200202F
:104AA00002E600102C1100201AE600102009002058
:104AB00053E600100300000174E6001082E60010C7
:104AC0008BE60010C91600208AE5001094E500105E
:104AD00028E60010CDCCCC3D35E6001043E60010B2
:104AE00050E6001066E60010381100202811002062
:104AF000C81600202DE9F04F91B0009302F0040396
:104B00000293C2F3C2030133840705460E46DDF863
:104B100068800392059340F0BB81041D30B10729E2
:104B200009D86FF01B0011B0BDE8F08F01F0070647
:104B30003444C6F10806009B4FF000094FF0040A08
:104B4000591E4FF0FF334F460193CB465346CDF8E5
:104B500010900DB1009820600598002800F3E880BF
:104B60009848009A824203D397488242C0F0E0807E
:104B7000039AA4EB050E92074FEA9E0000F1038111
:104B80000F2F00F2B180002D00F0058107F14002E7
:104B90000DEB020C019A0CF8200C0CF8102C049868
:104BA00001300490E7E07A285DD84B280ED84728DA
:104BB00059D829282DD8252852D054D820287AD041
:104BC0002338D0F1000B4BEB000B74E04C382E284F
:104BD00049D8DFE800F07048484848484848484805
:104BE00048484B484848484848484859484B4B591A
:104BF0005959704B6D487048184B184848827F4B84
:104C000048484B487F0000204FF0000B4FF0040A4B
:104C100038E001222A38C0B202FA00F010EA0E0F82
:104C200049D110F0625C2FD110EA020B43D06046EC
:104C3000013C5444B4FBFAF40AFB04F4002D61D0A7
:104C4000A3EB050CA444B4453FF66BAF002868D134
:104C5000042B47D158F8043B2360042304342AE092
:104C6000019A013A01924FF0000B24E011F8010C77
:104C70006C2834D1002011F8023C83466C2BC5D13E
:104C80004FF0080A5346D3E708F1070828F0070851
:104C9000073424F00704F8E802AB35B10698204445
:104CA000B0423FF63EAFC4E900AB4FF0000B083412
:104CB0004FF0080A534611F8010F002878D0BBF1D5
:104CC000000F7FF470AF2528F5D14FF0010B019B49
:104CD000013301934FF0040AECE7584694E70020B3
:104CE0008346A5E7082B02D06FF015001BE708F1FB
:104CF000070828F00708B8EC027B84ED007B082346
:104D00000834D8E768B9042B02D108F10408A4E7F5
:104D1000082BE9D108F1070828F0070808F108086E
:104D2000EDE705980138059058F8040B009010E75E
:104D3000039A900720D54FF0010CA4EB050E4FEA23
:104D40009E00BEF5007FCFD20F2FCDD8F5B107F171
:104D500040020DEB020E019AC0B20EF8200C0EF8C4
:104D6000102CBCF1000F3FF41AAF60F07F000EF87A
:104D7000200C09F101090137C5F108024FF6DA7E6E
:104D80000434069297E74FF0000CDAE7BCF1000F0D
:104D900001D00136EFE7029A0236002AEBD10098E3
:104DA000CDE9063104F0DCFBDDE906310644E2E73B
:104DB000631BB3F5806F97D245B9A6F10804E018DC
:104DC000B1E600BF3CDB00106CF20010029A9B08B9
:104DD00028602B709DF81030C2B1EB7085F80290FE
:104DE000B9F1000F05D0002208A8C5F1010C9742C7
:104DF0000ED14FF0000AC5F101030DF12008019317
:104E00000DF1300B574512D1601B8CE66B70E5E756
:104E100010F8013B190608D50CEB040EB64503F05B
:104E20007F033FF67EAE04F8013B0132DFE7B9F1C4
:104E3000000F03D098F90020002A17DB029BD3B1A2
:104E40001AF80B2004F8012B0022019B18191044BA
:104E5000B0423FF666AE98F80000009904F8010BE6
:104E600020460392FBF754FA039A14440AF1010A0C
:104E700008F10108C6E798F8002055F822300093A1
:104E8000029B009845F8223004F06AFB421CDCE7E4
:104E90006FF00D0047E600BF2DE9F04F97B000AF6F
:104EA000D7F880B07B62CBF3C0030446894690F804
:104EB00002A0FA62BB6141B9457800780AEB800034
:104EC00020444D4517D8A0EB0409E378FB61BAF103
:104ED000000F02D01BF0010F16D1FB6953BBFB6A18
:104EE0001BB1494620467A6A98474D4628465C37AA
:104EF000BD46BDE8F08F461C304604F031FB013062
:104F0000304409F10109DCE762682378BA62FA6A81
:104F10009900796104EB8301002A40F001810E467B
:104F20004FF000084D4601EB0A094E454CD101EB0C
:104F30000A0610E01BF0020FD1D023789A007A61A4
:104F4000626804EB8301BA62FA6A002A77D14D469F
:104F5000904601EB0A061BF0050F0CBF022301234C
:104F6000FB62FB6906EB430A0BF002037B625645CA
:104F7000BCD016F8021B16F8013C54F823909A4B4B
:104F8000994502D3994B994536D3BB69002B40D044
:104F9000B86A07F039F900283BD0E9468AB06A467A
:104FA000934B5361BB6AC2E906314FF4007313841B
:104FB000904B42F8103F00234FF412518E4800F0FE
:104FC0005BFC023DCD46D2E716F8013BF96254F88E
:104FD000230004F0C5FAD7F88430F96A01304BB1E8
:104FE000D7F8883098453EBFD7F8843023F81800AA
:104FF00008F10108054498E7BB6923B1B86A07F0D6
:1050000003F90028C9D11BF0010F05D1FB6AED1A85
:10501000ADE77B6A002BAAD0484604F0A1FAD7F886
:10502000843053B1D7F8883098453FBFD7F88420F3
:10503000431C22F8183008F10108054497E7BAF13B
:10504000000F73D01BF0040673D0D046002607F182
:10505000480052463B613962FBF75AF9396A3B69AD
:1050600001EB0A023A62FA695200FA60D7E90712C4
:1050700002EB41023A610BF00202BA603A69396A06
:105080008A4258D162781BF0020F18BF0021BA6221
:1050900008BF4FEA5801B2181BF0010FD2B240F01E
:1050A000A1801BF0040F14BF40460020BB6162705A
:1050B000A070E17020467A6A7969FB6A9847051EFC
:1050C000FFF614AFBB6941462370BB6A7A6A63700E
:1050D000FB6984F802A0E37007F14800FB6A984777
:1050E000B0F10008C0F2BC807B69A9EB0A01C91AC3
:1050F000FB687A6AC91A386AFB6A98470028C0F2C6
:10510000B1804FF0000BA84408EB000507F1380A06
:10511000B34573D300217A6A0846FB6A9847E5E6EF
:1051200056464FF0000807F1380092E75646D04641
:1051300096E7B04694E73A6A12F8021B12F8015C4F
:105140003A6254F82500284A904202D3274A9042F6
:1051500020D3BA6932B1B86A7B6007F055F87B6832
:1051600000288BD1BA6812BB08F1280208F10100AF
:1051700007F1300CC0B294440CF8101C00F1280266
:1051800007F1300108F1020850185FFA88F800F8BA
:10519000105C73E7BA693AB1B86A7B6007F034F81B
:1051A0007B6800287FF46AAF1BF0010F09D006F17D
:1051B000280207F13000711C161806F8205CCEB2E8
:1051C0005CE71BF0040F3FF459AF08F1280207F128
:1051D000300008F1010102EB000808F8105C5FFAEA
:1051E00081F84BE7002061E73CDB00106CF2001017
:1051F000C9E7001004000001E4DE00101BF80A30CB
:1052000054F8239087F83730D7F884302BB3D7F889
:1052100088309B4521D2D7F8843033F81B80012198
:105220007A6AFB6A07F13700984700281ADB0544C1
:10523000B8F1000F06D1484604F092F900F10108D8
:105240001FFA88F8414648467A6AFB6A9847002860
:1052500008DB05440BF1010B5AE74FF00008DEE7CD
:10526000454643E6054641E6014B1860704700BFDE
:105270003807002030B5002587B0CDE9030104468A
:10528000009503A905480595FBF7B6FEDDE9043056
:105290009842B8BF255407B030BD00BF57C20010B8
:1052A000F0B5024601680A270020074E0B461C781D
:1052B0000131355D6D0701D41360F0BD07FB00437C
:1052C000A3F13000F2E700BF15E300102DE9F84F1D
:1052D00015469A46D378234A6F2B12F803B08146BD
:1052E0000F460BF0030B2BD026D8582B0CBF1026E3
:1052F0000A26DDF828803246002348463946FBF767
:1053000011FD092A08F1FF38D4B21ED83034B14556
:10531000E4B277F1000788F8004001D3D04511D8F6
:105320002B789B0605D5082E15D1AB7843F00803E2
:10533000AB704046BDE8F88F03F0F703702BD5E75C
:105340000826D6E781460F46D5E7BBF1010F0CBF13
:1053500037345734DBE7102EEBD1AB7843F0100332
:10536000E6E700BF15E300102DE9F04704460746C5
:105370004FF00109DFF8508014B93846BDE8F087D6
:1053800094FAA4F5B5FA85F509FA05F32E0108EBB0
:1053900005156FEA030A24EA03042B7B002BEBD0EC
:1053A00058F806301B694BB94644736804222846F6
:1053B000196807EA0A0707F068FADDE72846984700
:1053C0000028D9D1F0E700BF2CDF001030B5002253
:1053D00089B00F490F4808F07BFB0022002300240E
:1053E000CDE906230E230C4DCDE903344FF4407272
:1053F0002846CDE90144094B0949009402F086FE94
:105400000849284608F06FFA204609B030BD00BFB1
:1054100029540010980E0020D809002025570010AC
:10542000D016002087E80010014802F0B1BD00BF8F
:10543000C80900202DE9F047804620480F4607F0B4
:1054400004FA0646002832D000252846BDE8F08739
:10545000237B83B12368DB680BB1204698476368E0
:1054600083F8069023681B69CBB963680422204641
:10547000196807F00AFA013610345445E8D3B8F138
:10548000000FE2D0002DDFD02846FFF76DFF054664
:10549000002FF7D000210A2008F0BBFAF2E72046DF
:1054A00098470028E1D009FA06F31D43E3E70546D3
:1054B0004FF00109024CDFF80CA0DEE7501100208C
:1054C0002CDF00103CDF0010014B53F82000704728
:1054D0006CE0001008B5034608462BB1044A13607F
:1054E00000F064FC002008BD6FF01500FBE700BF72
:1054F0003C07002010B5044C237813B9034802F090
:1055000047FD0123237010BDCA160020C8090020E2
:1055100010B50446094807F098F93CB1084BD3E8A8
:10552000EF1F0139C3E8E21F002AF8D1054808F04F
:10553000DBFABDE81040044802F02ABD4811002003
:105540004C110020980E0020C809002000200146C0
:10555000034BD3E8EF0FC3E8E21F002AF9D17047ED
:105560004811002070B5FFF7F1FF0546074C084EC3
:10557000B44200D370BD63685B792BB123685B686C
:1055800013B12946204698471034F1E72CDF00106C
:105590003CDF001010B5044C0449204606F0DBFF48
:1055A000034B1C6010BD00BF5009002058E00010E4
:1055B0004011002000230D4A10B513700C4A4FF41F
:1055C0007A7113600B4A0C481360FFF783FFFFF7F3
:1055D000E1FF0A4B0A4918468B4200D310BD1A1A44
:1055E0005C681211013222711033F5E7CB160020EE
:1055F000481100204C1100205DC800102CDF001065
:105600003CDF0010014600220023014806F0C4BF21
:1056100050090020014807F05DB800BF5009002084
:10562000024B0146186807F0A9B800BF40110020DE
:10563000014807F0DEB800BF5009002070B5224BCA
:10564000187800283ED0FFF7E5FF0546002836D140
:105650001E4B1F4C1B68002B0EDD08F037FAD4E9F7
:105660000032C01A40F2E93361EB0201984271F155
:10567000000101D3FFF776FFD4E9003213F57A7306
:1056800042F10002C4E90032BDE87040FFF7D0BF2C
:1056900063685B7923B12368294620461B689847D5
:1056A0001034B442F4D32846FFF7BAFF094BD3E8CD
:1056B000EF1F0139C3E8E21F002AC9D0F7E7064C03
:1056C000064EEEE770BD00BFCA160020481100204C
:1056D000900E00204C1100202CDF00103CDF001049
:1056E00070B50D4D297861B90120FFF7A3FE0B4C71
:1056F0000B4EB44206D3FFF7A1FF0028FBD10123D4
:105700002B7070BD63685B791BB1236820469B6872
:1057100098471034EDE700BFCB1600202CDF0010B7
:105720003CDF001000212DE9F0470846FFF782FE1C
:10573000044648B34FF032084FF0000902F0A6FFCC
:105740001A4B186030B11A4B1B68092B02DD19483F
:1057500002F01EFC0025184FDFF858A044B1204687
:10576000FFF702FE044618B94FF0FF384FF0FF393B
:10577000FFF764FF064628B9B5B942464B46504686
:1057800002F03AFC3546E9E74FF0FF384FF0FF39B9
:10579000D4E72B689B691BB1002228461146984725
:1057A0001035BD42F5D3E8E7044DFAE74411002077
:1057B0004C110020C80900203CDF00102CDF001035
:1057C00013B5184807F041F8174B1B7873B1EFF386
:1057D0001184102383F31288BFF36F8FFFF72EFF1E
:1057E00084F31188BFF36F8F02B010BD0F4B1B689D
:1057F000002BF9D050B9002200230D48CDE9002339
:105800004FF47A72002303F03FFAEDE70928EBD159
:10581000074808F069F9074802B0BDE8104002F0F7
:10582000B7BB00BF4C110020CB1600204411002054
:10583000980E0020C809002010B5064B04461B68CE
:1058400098472146A060044806F025FFBDE81040B7
:10585000FFF7B6BF3C07002050090020044A054B63
:105860009B1AB1EBD30F34BF52F8310000207047C0
:10587000DCDE00102CDF00102DE9F04F8FB0C1F3FB
:105880004A2804AF0D469146B8607B600C0DB8F114
:10589000000F63D000264FF0040B4FF00A0A07F107
:1058A0001403C7F80C80C7E907667E620193CDF840
:1058B00008B0CDF800A007F11C0332464846F9684D
:1058C000FFF7EAFAB0F5006F03461CD36C468AB0C6
:1058D000D9F8041004AB26481A46C3E9050140F282
:1058E000FF71D9614FF400711984224B42F8103FC7
:1058F0004FF4125133462048FFF7BEFFA5462C3720
:10590000BD46BDE8F08FC0F30A0804F11700184443
:1059100020F0070080083B60FFF774FE68F3532512
:10592000044690B13B6800F11001C7E9083607F161
:105930001403F961CDE900A3CDF808B048460F4A39
:10594000F96807F11C03FFF7A7FA68F353252A4605
:1059500020467B68B96806F0B8FFD0E704F117006D
:1059600020F007008008FFF74DFE0446EDE700BF7A
:105970009CE8001004000001FCDE00109DC800102F
:105980002DE9F04F87B00446DDE9105ADDE91279C0
:10599000934698460391BFB13B46524610210020E2
:1059A000CDF80090CDF81490FFF7A4F8B0F5006F93
:1059B00006460AD340F2FF730221174A174807B080
:1059C000BDE8F04F06F0DABF3E4605F1170030445F
:1059D00020F007008008FFF715FE04F007040BF025
:1059E000070BE40044EA8B1444EA462444EA0554D5
:1059F000054640B13FB13B4652463146CDF8009096
:105A00001030FFF777F8434622462846039907B03F
:105A1000BDE8F04F06F059BFDBE80010FCDE0010D7
:105A2000406820B1034BC01A40F3CF0070474FF0DD
:105A3000FF307047DCDE00100EB403B503AB53F843
:105A4000042B01460448019306F0BDFF02B05DF847
:105A500004EB03B0704700BFD5C90010CA0605D4D7
:105A60008B064CBF02490349FFF7E6BF704700BFF2
:105A700014E9001013E900102DE9F04F8BB09A469D
:105A8000169B9DF854B00693179B04460593189BEC
:105A90000D469046199E0493BBF1000F00F09E80C6
:105AA00006F00103089306F00803079306F48073D9
:105AB000099306F0E8FE06F00209024600283BD0F2
:105AC00020468F49FFF7B8FF0746B9F1000F08D00D
:105AD00016F0440F32D12A4620468A49FFF7ACFF20
:105AE0000744089B53B1884B204653F82B20874B23
:105AF0008749002A08BF1A46FFF79EFF099B002B23
:105B000048D0079B002B62D1B8F1000F64D0424609
:105B100020468049FFF790FF0546069B3D44002B39
:105B20006BD1049B002B71D1F30700F1E380314668
:105B30002046FFF793FFD7E00746C6E7764B186885
:105B40000028CDD0754B4FF47A791B684FF03C0C90
:105B5000B5FBF3F5B5FBF0F14FF4616300FB1155B4
:105B600009FB05F5B1FBF3F2B5FBF0FE03FB1211E7
:105B700000FB1E55B1FBFCF309FB05F5B5FBF0F589
:105B80000CFB131120460091CDE901E56449FFF7B4
:105B900053FFA5E7079BEBB1624B204653F82B2040
:105BA0006149FFF749FF0546B8F1000F05D04246AD
:105BB00020465849FFF740FF0544BAF1000FACD02A
:105BC000524620465949FFF737FF0544A5E74FF0F5
:105BD000000AE1E7079DE7E745469EE7BAF1010FB6
:105BE000069B06D1002B65D1049B002B7CD00025A1
:105BF0000CE0002BF8D04E485DE04E48069B224654
:105C00004D4906F0D0FA049B002B69D0DFF83C81A7
:105C1000DFF83C91049F3146102F204628BF102703
:105C20004FF0000AFFF71AFF554546DC059B494631
:105C300020461A78FFF700FF4FF0010A1AF0070F0D
:105C400003D141462046FFF7F7FE57453CD9059B57
:105C50004946204613F80A20FFF7EEFE0AF1010A32
:105C6000BAF1100FEAD14FF0000A20463349FFF78E
:105C7000E3FE5246059B20469A5C314B995C11F03D
:105C8000970F08BF2E222F49FFF7D6FE0AF1010A0F
:105C9000BAF1100F1DD01AF0070F03D1414620466C
:105CA000FFF7CAFE57455246E4D841462046FFF763
:105CB000C3FEEBE71F485D46A0E741462046FFF7DD
:105CC000BBFE0AF1010AAFE720461F49FFF7B4FE09
:105CD000C4E7059B3B440593049BDB1B049399D1CC
:105CE000BBF1000F7FF420AF20460BB0BDE8F04FB2
:105CF00006F05CBE2046054A0549FFF79DFE16E703
:105D00001BE900101FE900107CE0001016E90010EC
:105D100063E6001044E900105811002054110020DF
:105D200028E9001090E0001048E900104EE900104A
:105D300003CA0010D5C90010C7C900105DE90010E2
:105D400015E300105FE9001059E900105BE900104D
:105D500053E9001042F20F7373B58B4228BF0B4614
:105D600005680446052168460D4A06F093FA064682
:105D7000636828460B225B680A4906F009FE6368DF
:105D80003246694628465B6806F002FE63681B22BD
:105D900028465B68044906F0FBFD02B070BD00BFF9
:105DA000C1EA00107EE9001062E900100021012321
:105DB000064A904206D8064A01B901231360054BF2
:105DC00018607047012140085B00F2E740420F0075
:105DD0005411002058110020F8B50D460446064F16
:105DE0004618B44201D12846F8BD14F8011BBB681F
:105DF00001485B689847F4E7DCDB00102DE9F84FB9
:105E000080460C4600AF002965D0D1E90012E94672
:105E10008AB0A3686D464FF0050A2E463748C5E99B
:105E20000723C5E9050146F810AF002332464FF4B9
:105E300021513348FFF720FDD4E90312CD466369B1
:105E4000AD463048C5E90723C5E90501C5F810A0EE
:105E5000002332464FF421512948FFF70DFDCD466E
:105E6000E3690121284A264806F088FD26460025D8
:105E70004FF00A0ADFF8A0B0E946D6E908E0D6E913
:105E80000A138EB06A46C2F81CE005F1010EC2E9A1
:105E900008E0A81CC2E90A01E91CC2E905B5C2E98B
:105EA0000C1342F810AF002345F2400114480435AA
:105EB000FFF7E2FC102DCD4606F11006DCD1236E73
:105EC0000121124A0E4806F059FDA3690121104A2A
:105ED0000B4806F053FDB8F1010F07D1EFF305832E
:105EE0000C4A41460648103B06F048FD2146404614
:105EF00001F0FCFDBD46BDE8F88F00BFC4E900100D
:105F000014DF0010F3E9001022EA001074EA001018
:105F100083EA0010B1EA001031EA001030BFFFF749
:105F2000FDBF00BF054B9A699B689A421FBF044A98
:105F3000536843F080535360704700BF60120020E5
:105F400000ED00E070B52A4C06460D4629482A4966
:105F500006F0DEFDA36ADB0647D52648274906F092
:105F6000D7FD1120A36A1C0704D52248244906F056
:105F7000CFFD12201E4CA36A990712D521491D4856
:105F800006F0C6FD636BA26A120609D501211E4AFE
:105F9000184806F0F3FC1EB1A36A23F08003A36245
:105FA0001320134CA36ADE0704D51248174906F0E4
:105FB000AFFD1420A36A9C0604D50E48144906F0D0
:105FC000A7FD15200A4B9A6AD10658BF9A6A9A6AA9
:105FD000920642BF5A6A22F400525A629A6A42F00A
:105FE000FF029A6200232B7070BD1020BAE700BF39
:105FF00000ED00E014DF0010C4EA0010DAEA00103F
:106000000DEB001020EB001038EB00104EEB0010F1
:106010006DEB001010B5244C2449254806F078FD9E
:10602000A36A99013ED52248224906F071FD1E203F
:10603000A36ADA0104D51E481F4906F069FD1F2036
:10604000194CA36ADB0204D519481C4906F060FD0F
:106050002020A36A1C0304D51548194906F058FDF1
:106060002120114CA36A590304D51148154906F0A3
:106070004FFD2220A36A9A0304D50D48124906F069
:1060800047FD2320084CA36ADB0304D508480F49C9
:1060900006F03EFD2420A36A6FEA03436FEA134330
:1060A000A36210BD1D20C3E700ED00E09CEB0010D3
:1060B00014DF0010B4EB0010C7EB0010E1EB001090
:1060C0000BEC001029EC00104EEC001068EC0010F6
:1060D00070B5294C06460D462848294906F018FD9A
:1060E000A36AD9043CD52548264906F011FD17209E
:1060F000A36A1A0504D52148234906F009FD182092
:106100001D4CA36A9B0512D51C48204906F000FDD2
:10611000A36BA26A100409D501211D4A174806F095
:106120002DFC1EB1A36A23F40043A3621920124C74
:10613000A36A590504D51148164906F0E9FC1A204E
:10614000A36ADA050ED50D48134906F0E1FC1B20C1
:10615000094A936A43F47F43936200232B7070BD16
:106160001620C5E7A36A9B04F2D504480B4906F044
:10617000CFFC1C20ECE700BF00ED00E014DF0010B6
:1061800093EC0010A9EC00100DEB0010BAEC00101D
:10619000D3EC0010E8EC001003ED00106DEB0010E4
:1061A0002DE9F0419CB0624B0546D3F804800026EF
:1061B00000AFC8F3080486F31188BFF36F8F02F0B5
:1061C0007F43B3F17F4F07D102F00C03082B12D1AC
:1061D0005849594806F09CFC002635460023FB71BF
:1061E000E31E092B00F28380DFE803F00A797C7557
:1061F00081818181817F10074CBF0D460126EDE72B
:106200004E494D4806F084FC0023494CFB71E36A7B
:106210009A0705D54A49484806F07AFC002431E03F
:10622000E36A002B01DA4749F5E7E36A5B00F5D53D
:106230004549414806F06CFC6369AA6943F48073E0
:106240006361BFF34F8FBFF36F8F636932F8022C26
:1062500023F480736361BFF34F8FBFF36F8F4DF6ED
:1062600002739A4207D0A36ADBB23BB30120F91D47
:10627000FFF768FE31E02B680121344A2E4806F012
:106280007DFB2C68FB79ABB96822294607F1080031
:10629000FAF73EF87B6A002E45D0C3F3080222B914
:1062A0006FEA53236FEA43237B62204607F108011C
:1062B000FFF7A4FD7037BD46BDE8F081A36A13F473
:1062C0007F4F04D00120F91DFFF702FF05E0A36A0C
:1062D000B3F5803FA2D3FFF79DFE0446D2E700202E
:1062E000F91DC5E70020F91DEEE7194993E7194AA2
:1062F00018F4F87FE8468AB0174B18BF13466A4671
:106300001649103CC2E905134FF400731384144B73
:10631000D46142F8103F00234FF411510648FFF7B3
:10632000ABFAC5467AE723F4FF7323F00103BBE71A
:1063300000ED00E049ED001014DF001074ED0010D6
:106340008BED0010ACED0010BAED0010D9ED00108F
:10635000F5ED001030ED00101BED001019EE0010EF
:1063600004000001044B5A6942F010025A615A6954
:1063700022F008025A61704700ED00E0EFF3088058
:10638000EFF3098101B57246FFF70AFF01BD00BFB7
:106390000B4880F3088806F009FC102080F3118870
:1063A00008484FF40061401880F30988EFF3148027
:1063B0000221084380F31488BFF36F8F00F0A0F828
:1063C000102B0020D0190020084B9B6883420BD172
:1063D000EFF3058343B1064B5A6842F080525A608E
:1063E0005A6A22F400425A6202F056B96012002042
:1063F00000ED00E01E498A6882F8B1E04FF03000FD
:106400001044EFF3098C80E8F01F1EF0100F03D149
:1064100002F1700080EC108A102080F31288BFF324
:106420006F8F144F4FF000668A698A603E6092F960
:10643000B1E0906E0023936680F311881EF0100F78
:1064400003D00023E1EE103A03E002F1700090EC7B
:10645000108AEFF3148323F0040383F31488BFF34B
:106460006F8F02F1300090E8F01F8CF309887047BD
:106470006012002004ED00E01EF0040F0CBFEFF3EB
:106480000880EFF30980816911F8021C0229FFD00E
:1064900001B5724606F031FB01BD00BF40B20028D5
:1064A00007DB01234109034A00F01F00834042F843
:1064B0002130704700E100E040B2002801F1010105
:1064C000ACBF00F16040064B4FEA0111C9B2ABBF4F
:1064D00000F5614000F00F0080F800131954704778
:1064E00014ED00E0044B054A23F07F039360BFF3F3
:1064F0004F8FBFF36F8F70470002001000ED00E078
:1065000008B5FFF7EFFF104BD3F8882022F4700294
:10651000C3F88820D3F8882042F4A002C3F888206A
:106520004FF04042C3F83422BFF34F8FBFF36F8F59
:106530000023E1EE103A01F0C5FB02F0D3F900F0C0
:1065400073F801F0FFFB00BF00ED00E042F8203CD3
:10655000009B0D4942F81C3C019B21F0010142F8CF
:10656000183C029B42F8081C42F8143C4FF0807320
:1065700042F8043C002383664FF47D43203A0265D1
:10658000C0F8B030704700BFAFC20010104B9B681E
:1065900083421AD1EFF30580B8B9EFF311811022CD
:1065A00082F31288BFF36F8F1A7B22F002021A73F4
:1065B000EFF3148323F0040383F31488BFF36F8F86
:1065C00081F31188BFF36F8F70476FF0150070472C
:1065D000601200200E461546002300B5E1EE103A89
:1065E000EFF3148323F0040383F31488BFF36F8F56
:1065F000BFF36F8F084B98602C4686F30988002004
:10660000034B98472046002100220023014C2047DD
:1066100021CB0010AFC20010601200201022014BED
:106620001A61704700ED00E0002310210348C218F2
:106630000133342B82F80013F9D1704700E100E0F8
:1066400008B5EFF30583064A103B02EBC30152F88D
:10665000330049688847BDE80840FFF763BC00BFC6
:106660007CDC0010014B1860704700BF4C07002015
:10667000F8B506460D460024064FAC4208DA3B68E2
:1066800098470A28305504F1010401D00D28F4D1AF
:106690002046F8BD48070020F8B50D46094F461EB4
:1066A000C0F10104A3199D4201DC2846F8BD7378AE
:1066B0000A2B02D10D203B6898473B6816F8010F62
:1066C0009847EFE74C07002010B5074C2368C21825
:1066D0000648C0F1202101F500218A4236BF226020
:1066E0004FF0FF30C01810BD80110020104B00206B
:1066F00008B5054805F0C1FD002383F31188BFF3F9
:106700006F8F0423184602DF2CEE001037B5456862
:1067100004690021686801AA06F0A8FD00280EDBC4
:10672000019B00221979186806F0B3FD002806DBEA
:10673000D5E9030183681B681BB96FF0570003B0EC
:1067400030BD98470028FADBD5E905018368DB688E
:10675000002BF2D098470028F1DBAB689847104A2D
:106760001049936883F0807383F0070323F070432C
:1067700023F47F0323F47F4323F0F0038B60002393
:106780001361012313601368DB05FCD501239361BA
:10679000A36C1BB904F1400001F0FAFB0020CEE726
:1067A00000000A4000100A404FF40062836E10B5EA
:1067B000C0F89C30D0F894300424C0F898300D4BC9
:1067C0009A604FF480629A609C601A60D0F89C20B6
:1067D00092FAA2F1002AB1FA81F108BF4FF0FF311D
:1067E000054A126882EA0132044902F470420A60E2
:1067F0001C6010BD00200A4000000A4000100A4042
:1068000008B540680A79007802F01F03984207D85B
:1068100001210F4A0F4806F0B1F86FF0850008BD5E
:106820004B883BB10C4A0B48012106F09EF86FF0F3
:106830001500F4E712F0200005D00121074A0548B1
:1068400006F093F8E9E70B78092BE8D0044AEAE769
:1068500035EE0010DCDE001051EE00106FEE00107F
:106860008DEE0010F7B5066904460D4640364FF030
:10687000FF324FF0FF33304601F0BEFB2B7C6268E5
:10688000591E0B2924690CD93A4A01213A4806F0CD
:1068900075F86FF08504304601F07AFB204603B0AE
:1068A000F0BD6B681278D3B90121013A9140002202
:1068B0000B421CBF0132D2B24908F9D153002A68F9
:1068C00012B1928902FB0333EA689A420FD2012186
:1068D0002A4A294806F049F86FF00B04DBE7B3FABF
:1068E00083F1C1F120019142DED9254ACDE7AC46C2
:1068F000AB6804F16407C4F89430BCE80F000FC71C
:10690000DCF800303B60002727662B686BB30FCBA9
:1069100004F1780585E80F006566A4F8887020B357
:10692000D4E8EF3FC4E8E27F002AF9D140F2E73330
:10693000A06F4FF47A72C01847F100010023FAF7F4
:10694000F1F90022CDE90001002304F1080002F072
:106950009BF94FF0FF324FF0FF3304F1500001F08C
:106960004BFB00B12066246E95E72046FFF71CFF25
:10697000EFE700BF9FEE0010DCDE0010DEEE00103F
:10698000B9EE001070B5354A04695168136889B2D0
:10699000C3F303339568EE050BD51568AD050AD52D
:1069A0006FF00403236604F15000BDE8704001F06D
:1069B000EFBAD568EEE7D4F89450AE1CC4F89460F2
:1069C000298001219940D4F89C3023EA0103C4F8BE
:1069D0009C30A3BB636E002BE5D0E36FB4F8882036
:1069E00033B104F16401984701280BD002281ED06E
:1069F000B4F88830B4F884209A4218D90133A4F846
:106A0000883003E0D4F89830C4F89430A36F23B9E9
:106A10002046BDE87040FFF7C7BED4E8EF3F5A1EDE
:106A2000C4E8E12F0029F8D1012BF1DC70BDA36F80
:106A3000002BB8D004F1080007F056F8B3E793FA3A
:106A4000A3F3B3FA83F3126882EA0333044A03F42C
:106A5000704313600422034B1A60E7E700000A400A
:106A600000100A4000200A404FF08072074BDA61A4
:106A7000A3F54053DA69D20102D56FF015007047D3
:106A80000160D86910F08070F7D1704700B00E40F7
:106A90000B2907D8DFE801F009090909121E2706AA
:106AA0002D2D3A3A4FF0FF3070470C2251430368C6
:106AB000184A5B58C3F34313D0567047164B1A6BF2
:106AC0001B6B13F003031FD0022B1FD0C2F3431321
:106AD000124AF1E7104AD36BD26B920718D0104AD2
:106AE000C3F34313E8E70C4B0E4A9B6CC3F3431309
:106AF000E2E70C23594301F1804101F580310B6835
:106B0000094AC3F34313D7E70E2070470C207047A0
:106B1000042070471FEF0010000001401CEF001020
:106B200016EF00100FEF001009EF0010F8B5074640
:106B30000C467D68214628463E6906F095F80028F7
:106B40006BD00E2C69D8DFE804F0080808080808A4
:106B50002B68080831316B606500214628462E6895
:106B6000FFF796FF01463846FFF7E0FF0C2303FBD3
:106B70000462536852689FED2C6A92B207EE902A25
:106B8000F8EEE77A1B0C87EE867A07EE903AF8EE7D
:106B9000E77AF0EE406A77EE277A86EEA70AF8BD2C
:106BA00006212846FFF774FF0446C2E72146D5E9CF
:106BB000023628460A2C08BF1E46FFF769FF014629
:106BC0003846FFF7B3FFD6ED027AF8EE677A316800
:106BD00027EE800A01F03F0107EE901AF8EEE77AFF
:106BE000F268C0EE276AC2F3024207EE902AF8EE7E
:106BF000E77AF36886EEA77AC3F3023307EE903A9A
:106C0000F8EEE77A87EE270AC9E796ED000AB8EEB4
:106C1000400AC4E796ED010AF9E79FED040ABEE7D2
:106C20009FED030ABBE700BF00FF7F4700000000A5
:106C3000001B374B2DE9F0438FB005AA90464468FE
:106C4000A36825680393E36826690493674B03F1FF
:106C5000200C174618685968083303C763453A463D
:106C6000F7D11B88624A3B80624B1A60624A634BD1
:106C70001360A2F54052976833EA0707FBD10C2155
:106C8000042006F086FD0C21022006F082FD0C2176
:106C9000032006F07EFDC5F8847000F05FFE584BBF
:106CA000DA6B22F00302DA635A6C012AFCD11A6B08
:106CB00022F003021A639A6B012AFCD1636AE2692B
:106CC000DFF84491009309FB02F2236AA16903985B
:106CD00000F0D4FD636BE26A0093A16A049809FB9B
:106CE00002F2236B00F0CAFD1121404606F010F8B5
:106CF00018F8170018F91710092861D90137112F52
:106D0000F6D14FF4006305F540521360D36005F5EA
:106D1000405205F5405593616B62D4F8D81006F1E6
:106D2000180041F42A61FFF79FFE002855DBD4F8D4
:106D3000DC10304641F47A0141F43041FFF794FE13
:106D400000284ADBD4F8E010002949D01F294AD88E
:106D500001F52A4106F11400FFF786FE00283CDB0E
:106D6000B4F8E410274D301D2943FFF77DFE0028BD
:106D700033DBB4F8E61006F108002943FFF774FE90
:106D800000282ADB6FF060421B4B1A60A3F54053CA
:106D90009D68ED4335F06045FAD12946606902AA45
:106DA00006F064FA002807DB029B2A461979186866
:106DB00006F06FFA002801DA831C0ED100200CE0E7
:106DC00004EB01110B6C00934B6CD1E90E1200F037
:106DD00027FD002892D16FF015000FB0BDE8F083B9
:106DE0004AF60121B6E74FF42A41B3E740DF00102D
:106DF0007F3BEFEF0020024000300240F6FFF3033C
:106E00000000014000009696001BB70008B5074837
:106E100006F00FFD38B10648FFF724FC0448FEF7E2
:106E200023FA002008BD6FF01200FBE7DCDB001046
:106E3000356E00100A2838B50446074D04D1AB68FA
:106E40000D2128465B689847AB6803485B68E1B250
:106E50009847204638BD00BFDCDB00104FF05043A0
:106E6000084A1968084B002918BF134630331A46E0
:106E7000106820B90432D11A1429F9D970470120B9
:106E8000704700BF908202404882024070B50D46B4
:106E900014460669B2B91146284600F08FFD2C4B06
:106EA00003EB850253F8253002F5805183F080030F
:106EB00003F0C0030B604FF4807302F500521360BF
:106EC000002070BD2846C2F34012C4F3001100F048
:106ED00075FD0521284600F055FD14F480311BD0C6
:106EE0004FF0000343EC4450A303E9D50123A0076E
:106EF000F26803FA05F11BD50A436007F2603269B4
:106F00000ED50A4332614FF0000343EC4050C4F306
:106F1000804444EC4450D3E7284600F0BBFDE3E74F
:106F200022EA0102326143EC4050C4F3C044F0E76E
:106F300022EA0102F26014F4002204D043EC405033
:106F400043EC4450BCE76103FAD542EC4050F7E70C
:106F5000048003402DE9F8434FF05043194A196863
:106F6000194B064600290CBF904698460024D0F8DD
:106F70001090E3080C3358F8233004F00702920015
:106F8000D3401B0704D10134302CF2D1BDE8F88383
:106F90000F21204600F050FDD9F804100029F2D04E
:106FA00001270D68A7400029EDD08A683A4002D039
:106FB00030464B6898471DB12B6829461D46F2E7BD
:106FC0002B46FAE7488202409082024073B5466839
:106FD00005460469B06940B90021706901AA06F04C
:106FE00045F900280ADA02B070BDF1698368DB68F0
:106FF000002B5FD098470028EED0F4E7019B0022D9
:107000001979186806F045F90028ECD14FF0FF32E5
:107010000146204606F055FC012204F110001146FD
:1070200006F04FFC6B681B68DA6E22F00102DA662C
:10703000D3F8FC10214A914202D06FF00400D2E74D
:107040001B68284603F006039A1F5342534184F8F5
:107050003D3073689847B368194A934222D016D8D6
:10706000184A934220D0184A93421FD00121174A50
:10707000174805F07AFC002141F0100128462162F2
:1070800005F01CFF0028D8D184F83400ABE7114A82
:1070900093420DD002F5C31202F520629342E5D16E
:1070A0000A21E9E70621E7E70221E5E70421E3E712
:1070B0000821E1E76FF0570095E700BF4001574412
:1070C00040420F00A0860100801A060053EF001016
:1070D000F4DE001040E133002DE9F04182B0436856
:1070E00000AF1E680446F26AD6F880300569500683
:1070F0003A607B6039D5D90719D595F83430E84620
:1071000043F0200385F8343088B023686A46354957
:10711000C2E905134FF400739383334B42F8103FD9
:1071200000234FF4E2513148FEF7A6FBC546BB7978
:107130009A0719D595F83430E84643F0800385F86E
:10714000343088B023686A462949C2E905134FF4F0
:1071500000739383244B42F8103F00234FF4E25115
:107160002248FEF789FBC546736D7B785B0619D50F
:1071700095F834306E4643F0400385F8343088B0DB
:1071800023686A461B49C2E905134FF400739383D1
:10719000154B42F8103F00234FF4E2511348FEF71D
:1071A0006BFBB54695F8340010F0E40015D0236869
:1071B0006C4688B06A461049C2E905134FF4007363
:1071C0009383094B42F8103F084800234FF4E251E3
:1071D000FEF752FB6FF00400A5460837BD46BDE838
:1071E000F08100BF6EEF001003000001F4DE00101C
:1071F00079EF00108DEF0010A1EF00102DE9F0479E
:1072000043688046D3F800A00569DAF82C70DAF8F4
:107210000030D90740F1F88044F24B031F4220D0E0
:10722000042385F83430FFF757FF0022D8F80430E4
:10723000D8F810001B681A631B6CD8F8043093F957
:107240000C30934209DB01215A0903F01F039940D6
:1072500002F160036D4A42F82310BDE8F04700F0E8
:1072600097BE7A07FCB223D5DAF870301B0711D528
:10727000AB6A7BB1DAF810306A6ADBB213706B6A02
:1072800001336B62AB6A013BAB62EB6A013BEB62C1
:10729000AB6A43B9AB6A5BB995F8343003F0FD03D0
:1072A00085F8343004E04046FFF716FF0028DBD0B5
:1072B000E60605D4BC0540F1A780DAF86030B4E7F3
:1072C00095F83C60D8F80430F007D8F81040D3F8AF
:1072D000009045D4A36ABBB9D9F8303023F010032D
:1072E000C9F8303094F8343003F0FE0384F83430B9
:1072F000AB6A002BDED195F83C3013F0020F49E069
:107300004046FFF7E9FE48BBD9F870309907EFD542
:10731000A36A002BECD094F83C20636A51071B78D9
:1073200044BF22F0040284F83C20A26ADBB248BFCA
:1073300043F48063012A05D194F83C20960748BFA6
:1073400043F40073C9F81030A36A013BA362636A77
:1073500001336362D9F82C305806D1D5AB6A64E7A3
:10736000A06B30B9D9F8303023F01003C9F83030B1
:10737000BEE7D9F8F430D9F87810D4F82CC0C3F3AC
:10738000072201326144511A06D5AB6A002B91D114
:1073900016F0020F8ED148E7D9F874C0C3F3074640
:1073A0000136A6EB0C06824228BF02468E42A8BFD9
:1073B0000E469642A8BF1646002E99DD94F83C3042
:1073C0005A0744BF23F0040384F83C3094F83C305F
:1073D0004CBF4FF4A0624FF480729B0704D5A36B9F
:1073E000012B08BF42F400724046C9F81020FFF795
:1073F00073FE00287FF47CAFE36A013E0133E36251
:10740000A36B013BA363D7E7BDE8F08700E100E091
:107410002DE9F047D0F810A005469AF808300F463D
:107420009046D0F80490002B40F094805AB1D9F8DF
:107430000020136B23F00103136343681A68D36AB7
:1074400023F01003D3626B683A791B68012ADC6A67
:1074500024F0EE0405D0022A13D022B16FF085008B
:1074600061E044F002047A79012A03D0032AF5D1BD
:1074700044F00804BA79032AF0D8DFE802F00705DF
:10748000151844F00604EEE744F02004FA798AB1B6
:10749000012AE3D11A6B42F480421A636B681A68BE
:1074A000136B43F400430EE044F04004EEE744F075
:1074B0006004EBE71A6B22F480421A636B681A6867
:1074C000136B23F4004300261363DAF80C103A68B8
:1074D000334612018801890EF9F724FC0346DFF8D0
:1074E0007CC0403B61F100029C4576EB02022ED34A
:1074F0006B681A68830943EA816353626B6800F022
:107500003F001B689862BFF35F8F30466B681B6853
:10751000DA6ADA626B681B68DC623B68CAF80030C2
:107520007B68CAF80430B8F1000F0ED099F81C300F
:107530002BB96B681A68D36A43F01003D3626B6887
:107540001A68136B43F001031363BDE8F0876FF013
:107550001500E8E76FF08500F7E700BF80FF3F0008
:107560004FF0E02310B50F499C691A6908689B69C0
:107570000D4902F4803234B993B903464AB90A6816
:107580001044C01A10BD002B08BF03460AB9A3421D
:10759000F5D90A6802440A604FF0E0221269EEE76A
:1075A0000446F3E73412002030120020102200209D
:1075B000084B83F82320084B084A1A60084B013A0D
:1075C00018604FF0E0235A6198611A6942F007028F
:1075D0001A61704700ED00E034120020F04902000B
:1075E00030120020684620F007018D4619B5FFF7DC
:1075F000B7FF1049104B0868D3E90042001942F167
:107600000002C3E9000200230C4A0B600C4BD2E9D4
:107610000041001BB0FBF3F043431B1941F1000193
:10762000C2E9003101F038FAFEF77CFCBDE81940F0
:107630008546704730120020D80E0020D00E002062
:10764000F04902002DE9F041DFF8EC8099B1421CCD
:107650000BD14FF0E022136923F0010313614FF0C7
:107660007F43C8F80030BDE8F081D8F800600128F9
:1076700006DC002708E0431CD8F80060F7D16E2034
:107680006F28A8BF6F20471EEFF31185102383F3E7
:107690001288BFF36F8FFFF763FF4FF0E023224C98
:1076A0009969D4E9002380184FF0000243F10003E8
:1076B000C4E900031D4B1A601D4B1A68831A2FD4AE
:1076C000DFF878C00CFB073303F5123303F2EF1336
:1076D000B3FBFCF7131A42F29F420CFB07339342B1
:1076E00038BF1346134A934228BF13464FF0E02297
:1076F000C8F80030013B90695361002381429361D7
:10770000A1EB000338BF9B19D4E900125B1842F1CA
:107710000002C4E9003285F31188BFF36F8FA2E73E
:1077200042F29F43E2E700BFD80E00203012002053
:10773000D00E002020C5FB0034120020F0490200CA
:1077400038B5EFF31185102383F31288BFF36F8FE1
:10775000074B1C68074B1B68E41AFFF701FF85F312
:107760001188BFF36F8F044B2044B0FBF3F038BD9A
:10777000D80E0020D00E0020F0490200F0B50C24F5
:10778000444304F1804404F58034059E94466268C5
:10779000071FB242FFB238BF6660012F04F54052A6
:1077A00019D8012917D103251560A268D207FCD585
:1077B000226804F5805582EA4C1202F0E0022A6049
:1077C00022684A4002F003022A6001228A40A1682E
:1077D0001142FCD018E04FF4006515600F4D55F8CC
:1077E00020203AB16D69B5FBF2F5013505EB450591
:1077F000033DFDD2226804F5805582EA4C1202F066
:10780000E002012F2A60DBD94FF4006104F5005239
:107810001160024A666042F82030F0BD3812002044
:107820002DE9F74390460A9A064693420F4605D241
:1078300063210F4B0F4A104801F07CFA4FEA1349BD
:107840001C04204600234946F9F76CFA002305463C
:10785000024649462046F9F765FA4246034639464C
:1078600030460095FFF78AFF012003B0BDE8F083A2
:10787000F8EF001057F0001009F00010F8B52C4E8A
:107880002C4F2D4D1644BE42B5FBF1F5069C05D993
:1078900011212A4B2A4A2B4801F04CFAB2FBF5F28F
:1078A000A2F11005B5F5987F03D91921264B244A7A
:1078B000F1E75D1E062D02D8651E062D03D91C2199
:1078C000224B1F4AE7E7240344EA03430468002CE1
:1078D0000EDA046804F03F048C4209D18468C4F3D2
:1078E0000B04944204D1C46804F4EE249C421DD0DD
:1078F000174D0124A8420CBF0F250E25AC40154D95
:10790000154E2C6005F580552C60B56834EA0505E8
:10791000FBD101602121826000F5405204321160E8
:1079200001680029FCDAC36008231360F8BD00BFBA
:1079300080E84BD380F8A932001BB70067F0001035
:1079400061F10010B4F00010FCF0001018F100100C
:107950000080054000200240000002404FF42A62EF
:10796000054B06491A602F22DA60054A11605A68F1
:10797000002AFCDA704700BF0080044000B0FA0023
:1079800000A0044010B50C4B03EB800253F82030EC
:1079900002F5805483F0400303F0C00323604FF4EA
:1079A0008073C00000F1804000F5203002F54052A5
:1079B0004160136010BD00BF0480034010B5074C48
:1079C000C90004EB800354F8200041EA82014140E1
:1079D00001F00C0103F58053196010BD04800340D1
:1079E000054B03EB8000022319B100F50050036042
:1079F000704700F54050FAE704800340054A02EB67
:107A0000800352F8202003F58053514001F001011A
:107A10001960704704800340064B03EB800253F863
:107A2000203002F5805283EA011303F03003136023
:107A3000704700BF04800340C30800F00700034AFA
:107A4000800081408C3342F8231070470080024050
:107A5000F8B54FF05043064617460C4C1A680C4BCD
:107A60000D46002A18BF1C46FFF7E6FF06F0070385
:107A70009B00F60805FA03F304EB86001FB100F53E
:107A800000500360F8BD00F54050FAE7488202401C
:107A900090820240054B03EB8000402319B100F5B2
:107AA00000500360704700F54050FAE7048003403F
:107AB0004FF0E022044BD2F8881D0B43C2F8883DFA
:107AC00010EE3004704700BF0303300010B50446C9
:107AD000FDF706FE03480121034A04F046FF204655
:107AE00005F0B2FE14DF00106AF100102DE9F84332
:107AF00004460D4600AFEFF31188102383F312887C
:107B0000BFF36F8F0428294A98BF294BE9468AB0F2
:107B10009668117C98BF53F820306A4688BF254B81
:107B2000C2E9073140F2013323489384234BC2E971
:107B3000050442F8103F00234FF431512048FDF76F
:107B40009BFECD4645B1EB69C3F3080323B1012188
:107B50001C4A1B4804F009FF2EB1304605F0C6FE52
:107B600008B1037803B91848E9468AB06A46174B4A
:107B7000D061C2E9053640F201331384144B42F858
:107B8000103F00234FF411510D48FDF775FE2946B3
:107B9000CD462046FFF79AFF88F31188BFF36F8F19
:107BA0003046FEF711FCBD46BDE8F88360120020A8
:107BB000A8E2001079F100108FF10010050000011B
:107BC00014DF0010B7F1001087F10010D8F1001099
:107BD0000400000138B50A4B53F82040013053F837
:107BE0002050A54200D838BD606830B1037FDB0764
:107BF00001D405F031FE0834F3E723689847FAE72B
:107C0000BCE20010012270B5294B032086B01A7027
:107C1000FFF7E0FF01F076F80420FFF7DBFF254CCB
:107C2000254D2646AE4204F1300410D300F03AFC54
:107C3000204C224EAC4226D300F048FCFCF788FDD5
:107C40001F4A137B23F00103137306B070BD54F871
:107C50000C3C059354F8103C049354F8143C0393E3
:107C600054F8183C029354F81C3C019354F8203CFF
:107C7000009354E90A2354E90C0100F01DFA54F86A
:107C8000303C5E65CDE7D4E90A23B3F1FF3F08BF7E
:107C9000B2F1FF3F05D052EA0301206803D100F0A2
:107CA000D1FC3034C6E73146183000F065FEF8E705
:107CB000CD1600201CDE00101CDE0010DFD90010E5
:107CC000980F002008B50348034A0021121A05F056
:107CD000DAFD08BDD8090020D0160020B82370B501
:107CE000134E012203FB0066002386B0CDE9042376
:107CF0000F220193CDE9023218234FF4A0720D4DEB
:107D00000D4903FB0055044602FB00110B4B3046A6
:107D1000009500F0D1F9737B2C7423F00403737386
:107D2000074B013403EBC423EE606B6006B070BDFB
:107D3000E00E002060120020D02100208FD800101B
:107D4000D0190020BFB50020FFF744FF244B83F378
:107D500008880024F023234D234F85F82230EC7748
:107D60002C766C76AC766B6A43F4E0236B62FEF79C
:107D7000F9FAFEF753FC4FF0FF33AB62EB62FDF70D
:107D800019FC1A4800F0EEF905F052FD0120FFF74A
:107D900021FF0220164DFFF71DFF00F0CBFB154B16
:107DA00015499D61154B4FF4006205930123284648
:107DB000CDE90343CDE901443B46009400F07CF952
:107DC00006466A7B284622F004026A7305F0CAFD63
:107DD0002046FFF783FF3A4631462846FEF7FAFB76
:107DE000D021002000ED00E0057C001050100020A4
:107DF000980F002060120020102300203AF200109B
:107E00002DE9F341044617461E46EFF3118810236F
:107E100083F31288BFF36F8FC368334A7BB18068E6
:107E20009168884219D057EA060318D188F311885F
:107E3000BFF36F8F6FF00F0002B0BDE8F081916863
:107E400091F90E100133E36093682161A36088F318
:107E50001188BFF36F8F0020EEE72169F2E791F9F7
:107E60000E1090F90E306FF07E029942A8BF1946AD
:107E70009142B8BF11468B422DDD05F013FD05463A
:107E800022464146CDE90076184800F051FA002814
:107E9000E1D0EFF31186102383F31288BFF36F8FC5
:107EA000A068D0B1236821699C420AD04BB193F9F4
:107EB0000E309942A8BF19466FF07E039942B8BFB1
:107EC000194605F0EFFC40B13146084800F0C4FA0D
:107ED0006FF00A00B0E70025D2E7002DF4D186F359
:107EE0001188BFF36F8FF3E760120020CE160020D9
:107EF000F8B583680546002B3FD0234A9268934229
:107F00003ED1C368012B03D9013BC3600020F8BDFB
:107F1000EFF31187102383F31288BFF36F8F01698A
:107F2000806805F0BFFC2C68AC4207D10023C5E98E
:107F3000023387F31188BFF36F8FE7E7002CF5D08A
:107F4000D4E90032002613605A60637BC4E90066FE
:107F500023F002036373A66004F1180005F08AFDA4
:107F6000AC6094F90E3020462B61E66605F0FAFC11
:107F70003946064800F070FAC8E76FF01500C6E70A
:107F80004FF0FF30C3E700BF60120020CE16002084
:107F900070B5EFF31186102383F31288BFF36F8F50
:107FA0000468A0421AD0CCB1D4E900320025136095
:107FB0005A60637BC4E9005523F002036373A56034
:107FC00004F1180005F056FD2046E56605F0CAFCF0
:107FD0003146BDE87040074800F03EBAD0E90232B1
:107FE0009A4218BF0133836086F31188BFF36F8F05
:107FF00070BD00BFCE16002013B5EFF31181102421
:1080000084F31288BFF36F8F846844B1013C8460AD
:1080100081F31188BFF36F8F002002B010BD52EAC8
:10802000030406D181F31188BFF36F8F6FF00F0047
:10803000F3E7CDE900230246014800F079F9ECE7C7
:10804000CE1600202DE9F0410546EFF311871023ED
:1080500083F31288BFF36F8F00236FF00A081E4668
:108060002C68A54216D0ACB1D4E9003213605A6036
:10807000637BC4E9006623F002036373A66004F126
:10808000180005F0F7FC2046C4F86C8005F06AFC87
:108090000123E5E70022AA602BB13946BDE8F04193
:1080A000044800F0D9B987F31188BFF36F8FBDE89A
:1080B000F08100BFCE1600207FB50C9E00F1580560
:1080C00006730426C0E91655002504464673073298
:1080D0000B9E22F0070286738E180A9AC0E9065595
:1080E0008560C5730292099A0192089A00923246FD
:1080F000FEF72CFA044B65659B6803B15B6E304656
:10810000636604B070BD00BF60120020F0B50025AA
:1081100087B00595109DDDE9127604950F9D044604
:1081200003950E9D02950D9D01950C9D0095FFF701
:10813000C3FFB6F1FF3F08BFB7F1FF3F05D056EAD6
:10814000070305D1204600F07DFA204607B0F0BDB8
:108150003A46334604F11800014900F00DFCF4E7FB
:10816000DFD9001040F2011310B50446838100F0FE
:10817000C3FD014B9C6010BD601200206FF00A012E
:10818000084A9368D966084998664B6843F080535B
:108190004B60002383F31188BFF36F8F9368D86E11
:1081A000704700BF6012002000ED00E070B590F94C
:1081B0000D20437B002A36DBD90634D11B4C63F0FB
:1081C0007F032246437352F81C3F216A934207D132
:1081D000C0E900210860206211E09942F8D01B68D4
:1081E000002BF5D090F90E5093F90E60B542F4D003
:1081F000AE42F2DD5968C0E9003108605860E569B7
:10820000954200D005B9E568A3685A7BD20604D12F
:10821000DA897F2A01D9AA6932B1AB4202D0284655
:1082200000F008FBA56170BDA361FCE760120020AF
:1082300038B590F90D200146002A437B04DA03F09B
:108240007F03437305F054FB0D4D2A4652F81C4F33
:10825000AB68944200D004B9EC688B4207D05A7BDB
:10826000D20604D1DA897F2A01D9A2692AB1A342B0
:1082700002D0204600F0DEFA2346AB6138BD00BFD5
:1082800060120020B3F1FF3F08BFB2F1FF3F03D0FF
:108290000249183000F070BB704700BFDFD90010F2
:1082A00070B590F90D200146002A437B04DA03F0F3
:1082B0007F03437305F01CFB1C4C4B7B224663F091
:1082C0007F034B7352F81C3F206A934207D1C1E9E8
:1082D00000200160216211E09842F8D01B68002B59
:1082E000F5D091F90E5093F90E60B542F4D0AE423C
:1082F000F2DD5868C1E9003001605960E569A368A2
:10830000954200D005B9E5688B4207D05A7BD2066A
:1083100004D1DA897F2A01D9AA692AB1AB4202D0F5
:10832000284600F087FA2B46A36170BD601200203A
:10833000F8B5DDE906670D4B0C46986811460C4A06
:108340001060EFF31182102282F31288BFF36F8F57
:108350009D68284605F0DEFA284632463B46FFF780
:1083600091FF2046BDE8F840FFF708BF60120020EB
:1083700084120020F8B50446EFF31187102383F32D
:108380001288BFF36F8F437B49B203F01F02002AAC
:108390000CBF0126002639D103F07F032D4D437316
:1083A00005F0A6FA2A46437B817363F07F0343738B
:1083B00052F81C3F934227D1286AC4E90020046088
:1083C0002C620FE09842F8D01B68002BF5D093F98F
:1083D0000EC06145F6D08C45F4DD5968C4E9003122
:1083E0000C605C60EC69944200D004B9EC68AB6846
:1083F0009C4202D0204600F01DFAAC6187F3118840
:10840000BFF36F8F3046F8BD286ADEE79B071ED5A5
:10841000856805F06DFA81732B689D4209D16B6800
:10842000C4E900531C606C60E8E76A689342F6D0C8
:108430001B68002BF3D093F90E209142F5D08A42AD
:10844000F3DD5A68C4E9003214605C60D6E78173DA
:10845000D4E700BF6012002049B9EFF3058030B9BE
:10846000054B9A699B689A4201D0FFF787BE81F35A
:108470001188BFF36F8F704760120020034648B920
:10848000EFF3058232B9064A91699268914201D0B0
:10849000FFF774BE83F31188BFF36F8F704700BF7F
:1084A00060120020EFF31181102383F31288BFF3D1
:1084B0006F8F054B9A68D37B013BD37381F311888F
:1084C000BFF36F8F704700BF6012002070B5EFF3ED
:1084D0001186102383F31288BFF36F8F144DAB689E
:1084E000DA7B0132DA732A4652F81C4F944200D0EC
:1084F00004B9EC685A7BD20604D1DA897F2A01D903
:10850000A2692AB1A34202D0204600F093F9234683
:10851000AB6186F31188BFF36F8FEFF311801023E7
:1085200083F31288BFF36F8FBDE87040FFF7A6BFDB
:1085300060120020024B03F11C02C3E907227047BE
:108540006012002070B5EFF31186102383F31288B8
:10855000BFF36F8F1B4CA168206A0B68814214BF68
:108560001A46002249680B605960A368216A2AB93B
:10857000154AC3E900210B6023620CE093F90E0059
:1085800092F90E50A84218D0854216DD5168C3E911
:1085900000210B605360E5690B4B9D4200D005B98B
:1085A000E568A3689D4202D0284600F043F9A56122
:1085B0003046BDE87040FFF7E1BD8A42D8D012686E
:1085C000D5E700BF601200207C120020F8B550EA09
:1085D000010306460C4603D1FFF7B4FF0020F8BDA7
:1085E000EFF31187102383F31288BFF36F8F124DBF
:1085F000124BA8681860FFF71BFEA8682346324696
:108600000F49183000F0B8F9AA680446537B384681
:1086100043F004035373FFF7B1FDAB68D3E90A23BA
:10862000B3F1004F08BF002AD8D105F04BFA201A49
:1086300020EAE070D3E700BF60120020841200201F
:10864000DFD9001038B50446EFF31185102383F30A
:108650001288BFF36F8F437B5B070FD5183005F08F
:1086600009FA637B204623F004036373FFF79EFD42
:108670002946BDE838400448FFF7EEBE85F311886F
:10868000BFF36F8F38BD00BFCE160020014B986836
:10869000704700BF601200202DE9F8430446077BB5
:1086A000EFF31185102383F31288BFF36F8F437BA1
:1086B000190705D585F31188BFF36F8FBDE8F883DF
:1086C000D90943F008025DD14273A36813B1204673
:1086D00005F016F904F1180005F0CCF9A66D04F1C7
:1086E0005808B04511D04FF0000976B1304605F07A
:1086F00007F906F1180005F0BDF93046C6F86C9090
:10870000FFF754FDA66DB045EFD1DFF8C880D8F86B
:1087100008309C423ED1EFF30589B9F1000918BF3A
:108720004FF00109D8F81C60284A964200D00EB9D3
:10873000D8F80C60B34202D0304600F07BF82046F7
:10874000C8F81860FDF722FFB9F1000F02D02048E9
:10875000FFF708FDD8F808309C4231D1EFF30583CC
:1087600073BB227BD20718D42846FFF707FDFB070F
:10877000A4D5002383F31188BFF36F8F0423184619
:1087800002DF9BE703F07F0343F00803437305F028
:10879000AFF89AE74FF00009C4E785F31188BFF3FB
:1087A0006F8F83F31188BFF36F8F0423184602DFA6
:1087B000EFF31180102383F31288BFF36F8FD4E798
:1087C00085F31188BFF36F8FD1E700BF7C120020C3
:1087D00050100020601200200122044BC01A044BEC
:1087E000C0105843034B1A54704700BF08110020B3
:1087F000ABAAAAAACE160020C3897F2B12D80A4B97
:108800001B6863B1094B90F90E201B689A4209DB83
:10881000437BDB0606D1064BC31A18BF012303F0C6
:10882000010070470023FAE79C070020881200200F
:10883000E00E002070B50E4B0E4C1E7C182303FB7F
:1088400006440546204605F015F900220A4B284645
:108850009A55FFF7D1FF48B1084B2046BDE870405C
:108860001A680749013AD31700F086B870BD00BFF7
:108870006012002008110020CE1600209C07002066
:10888000D987001038B5EFF31185102383F31288D0
:10889000BFF36F8F104B114A9C681068A04206D13D
:1088A000FFF7C8FF85F31188BFF36F8F38BD002134
:1088B0001B7C11600A4AD35C002BF3D02046FFF7E3
:1088C0009BFF0028EED0637BDB0602D12046FFF73A
:1088D000E7FC2046E4E700BF60120020841200207D
:1088E000CE160020074808B5074A0849121A04F0B6
:1088F000CCFFBDE808400648064A0749121A04F0B2
:10890000C4BF00BF00000020D80900206CF2001096
:1089100000000020000000206CF20010024B1868DC
:10892000984208BF00207047A0070020034B1B6837
:108930000BB9FEF705BF0020704700BF8C12002066
:1089400030B570B10B4B5B6898420AD0036843B1F5
:10895000D3E90421D0E90445121941EB0501C3E92B
:108960000421D0E9003213605A600023C0E90033CB
:1089700030BD00BFA0070020B3F1FF3F08BFB2F138
:10898000FF3F2DE9F84F0446994615461F467AD019
:108990008160EFF31188102383F31288BFF36F8F88
:1089A000B9F1000FDFF8E8A020DBFFF7BFFFDAE93D
:1089B0000027013549F100092D1849EBE0730646FF
:1089C0004FF00109C4E90453AD1843EB0707FFF763
:1089D000A5FF0346DFF8BCE0DEF804A0EBB9C4E96C
:1089E00000EACAF80040CEF8044028E06FF0010326
:1089F000DAE900125B1A4FF0FF3161EB02025B1BF8
:108A000062EB0902012B72F10001BCBF01230022BD
:108A10004FF00009C0E90432D9E7D3E9041CD4E9D6
:108A200004208A4270EB0C0B24DA891A5A686CEB2A
:108A30000000C3E90410C4E9003214605C60FFF771
:108A40006DFF84420ED1114B1B685BB9B9F1000F69
:108A500002D1FFF76BFF0646304604F0F4FF002119
:108A6000FEF7F0FD88F31188BFF36F8F2846394673
:108A7000BDE8F88F521A60EB0C009A45C4E9042057
:108A8000ADD01B68AAE700252F46EFE78C12002027
:108A900020110020A00700202DE9F047EFF31185F9
:108AA000102383F31288BFF36F8F254F4FF0000818
:108AB00038604FF00009FFF731FF224E3B68D6E9DE
:108AC000001E4FEAE37C50B1D0E90442A3427CEBA4
:108AD000020A19DAE41A62EB0C02C0E9044200242B
:108AE0005B184EEB0C022046C6E900323C6004F0F5
:108AF000AAFF2146FEF7A6FD85F31188BFF36F8F0D
:108B0000BDE8F047FFF7BEBE61184EEBE473C0E965
:108B10000489C6E90013FFF713FF85F31188BFF33B
:108B20006F8F83689847EFF31185102383F31288C2
:108B3000BFF36F8F3B681B1B3B60FFF7EFFEBDE78A
:108B40008C1200202011002010B5EFF311841023A7
:108B500083F31288BFF36F8FFFF7E8FE0346054AE1
:108B6000D2E90001181841EBE37184F31188BFF3D7
:108B70006F8F10BD20110020F8B50546EFF3118767
:108B8000102383F31288BFF36F8F036823B187F339
:108B90001188BFF36F8FF8BDD0E90A46611C46F11A
:108BA0000002022972F1000236D3012C76F1000294
:108BB000BCBF01241E46013C46F1FF3604F086FF8F
:108BC000013041F10001001946EB0101012871F16A
:108BD000000130DB04F07AFF6FF00203013041F155
:108BE0000001001946EB010183426FF000438B4105
:108BF00026DB04F06BFF013041F100016FF0010250
:108C0000001946EB01034FF0FF31121A61EB030329
:108C100028461C49FFF7B0FE2B6B01332B632B6AF0
:108C200093B93C462B4653F8185F9D4200D0D5B906
:108C300084F31188ADE76FF001024FF0FF33E7E7EF
:108C400000224FF00043E3E787F31188BFF36F8FF3
:108C500028462B6A9847EFF31184102383F3128878
:108C6000BFF36F8FDEE7284604F08BFE0023EB6630
:108C700084F31188BFF36F8F2846BDE8F84004F0F5
:108C800071BE00BF798B00102DE9F04105461C46EE
:108C900090461F46EFF31186102383F31288BFF32B
:108CA0006F8FB4F1FF3F08BFB2F1FF3F05D186F3EC
:108CB0001188BFF36F8FBDE8F081002C09DB012A1A
:108CC00074F10003BCBF0122002412F1FF3844F10B
:108CD000FF37284604F0CEFEDDE90623C5E90A2366
:108CE000002342462B6328463B460249FFF744FED9
:108CF000DDE700BF798B0010014B4366704700BF72
:108D00008C090020014803F0B8BA00BF42F20010FD
:108D100038B5064C064DAC4201D3002038BD204684
:108D2000D4E9011204F0FCFE1434F4E78C090020AD
:108D3000A00900200A4D14461A4603462E680D4627
:108D400000B5F06885B044B106490095CDE901143D
:108D5000054900F00DF8FDF7CBFC04490C46F4E79B
:108D6000A8070020D4E20010E4E20010E0E20010C6
:108D70000EB410B583B0074C014605AB206853F81C
:108D8000042B019300F02CFC03B0BDE8104003B0AD
:108D9000704700BFA8070020024B0146186800F08A
:108DA0000BB800BFA8070020024B0146186801F06D
:108DB000CBBD00BFA807002001F10B03162B2DE946
:108DC000F04F054683B023D8102900F2AD8000F0A3
:108DD00007FB102418220220BF4E32445768A2F12C
:108DE00008018F4200F00B817A68284622F00302C6
:108DF0003A445368D7E9024143F001030837E16080
:108E00008C60536000F0F2FA384603B0BDE8F08F92
:108E1000002B23F00704C0F28780A14200F2848077
:108E200000F0DEFAB4F5FC7FC0F04581630A7FD024
:108E3000042B00F20B81A30903F1390003F1380C74
:108E4000C300A54E3344A3F108075B689F4206D1D7
:108E50000CE0002980F2C180DB689F4206D05A688E
:108E600022F00302111B0F29F3DD6046DFF8748244
:108E70003369434500F09D805A6822F0030CACEB47
:108E800004020F2A00F33281002AC6E9048880F226
:108E90001681BCF5007FD6F804E080F0B6804FEA7A
:108EA000DC0201214FEA5C1C013201FA0CF156F898
:108EB00032704EEA010E06EBC2010839C6F804E032
:108EC000C3E9027146F83230FB6083104FF0010CA9
:108ED0000CFA03FCF44531D81CEA0E0F07D120F040
:108EE00003004FEA4C0C04301CEA0E0FF9D006EBDD
:108EF000C00A8146D646DEF80C200BE051681346C6
:108F0000D26821F003010F1B0F2F00F3AC80002F5C
:108F100080F2C3809645F1D109F101090EF1080EE6
:108F200019F0030FE7D129E10C232B6000276BE731
:108F30004FF4007340204FF03F0C82E7B7687B6826
:108F400023F00309A9EB04030F2B01DDA14533D264
:108F5000624A634B11681B68013104EB030807EB9D
:108F6000090300F0718141F20F014144DFF878817B
:108F700001EA080841462846009300F03DFAB0F1A6
:108F8000FF3F8246009B554A05D0834240F2CA808B
:108F9000B74200F00C81B7687B6823F00308A8EBA8
:108FA00004030F2B01DDA04506D2284600F01EFA6F
:108FB000BCE7D6F804E088E7391944F0010443F02F
:108FC0000103083747F8044C2846B1604B6000F0B5
:108FD0000DFA384603B0BDE8F08F1A4403F10807D4
:108FE0002846D3E902615368F16043F001038E60C3
:108FF000536000F0FBF9384603B0BDE8F08FD76846
:10900000BA427FF4F1AE023030E7BCF5206F4FEA90
:109010005C21C0F08080142900F2328101F15C02F1
:109020005B31D200B718B258083F974203D10EE126
:109030009268974204D0516821F003016145F7D846
:10904000D768C3E90227BB60D3603EE7142B40F228
:109050008A80542B00F21D81230B03F16F0003F172
:109060006E0CC300EDE6D3F808C028461D1944F085
:1090700001045C60CCF80C20C2F808C047F0010283
:10908000C6E90455C5F80880C5F80C806A605F50D1
:1090900003F1080700F0AAF9B6E619441F4628466E
:1090A0004B6843F001034B6057F8083FDA60936068
:1090B00000F09CF9A8E6E00804F108028CE69C4464
:1090C00003F108072846DCF8043043F00103CCF82C
:1090D000043000F08BF997E630030020AC07002045
:1090E000C01200203803002000F0FFFF191944F0DF
:1090F0000104284603F108075C6042F00104C6E958
:109100000411C1F80880C1F80C804C6043F80C20B1
:1091100000F06CF978E64FEA9C1101F13902383120
:10912000D2007FE7DFF80CB2DBF8001041440846BC
:10913000CBF8001042D1CAF30B0CBCF1000F3DD1AB
:10914000C844D6F808A048F00103CAF80430774AAA
:1091500057461068884238BF1160754A10688842C7
:1091600038BF116019E703F15C0003F15B0CC30029
:1091700067E65AF80839534540F0D68010F0030FDF
:1091800000F1FF30F5D1736823EA0C0373604FEAF6
:109190004C0C0CF1FF329A4204D3CFE64FEA4C0C50
:1091A00009F104091CEA030FF8D048469FE6DFF8EE
:1091B00084B1DBF800004044CBF8000011680131B5
:1091C00071D0AAEB03030344CBF800301AF0070375
:1091D00047D0C3F1080228460093924441F20802A6
:1091E000D044D21AA2EB0801C1F30B01019100F0A7
:1091F00003F9421C009B72D0A0EB0A00019900EB1E
:109200000108DBF8002048F00103B742C6F808A0C7
:109210001144CAF80430CBF8001098D0B9F10F0F00
:1092200044D97A68A9F10C03052023F0070302F062
:1092300001021A430F2B7A6007EB03025060906023
:1092400053D8DAF8043082E708F1100892E6891062
:109250004FF0010C0CFA01F14EEA010EC6F804E0E1
:10926000EFE60AEB0801284600934942C1F30B01DF
:10927000019100F0C1F8431C009BBDD11946C0E725
:10928000542917D84FEA1C3101F16F026E31D20018
:10929000C8E6B3F5AA7F17D8E30B03F1780003F112
:1092A000770CC300CDE5C2F800A08FE70123CAF810
:1092B00004307AE6B1F5AA7F21D84FEADC3101F11A
:1092C00078027731D200ADE640F25452934221D871
:1092D000A30C03F17D0003F17C0CC300B1E5083B56
:1092E00000219844A8EB0A088BE707F108012846FB
:1092F00001F02AFBD6F808A0DBF80010A1E740F245
:10930000545291420CD84FEA9C4101F17D027C31CC
:10931000D20087E64FF47E737F204FF07E0C90E5FD
:109320004FF47E727E217DE6736830E7BC12002028
:10933000B81200209012002070B586074AD0541E43
:10934000002A41D0CAB2034601E0013C3CD303F8F5
:10935000012B9D07F9D1032C2FD9CDB20F2C05EB92
:10936000052505EB054538D9A4F1100C03F1100EC5
:109370001A462CF00F064FEA1C1CB644156010323A
:1093800042F80C5C42F8085C42F8045C7245F5D186
:109390000CF1010214F00C0F04F00F0C03EB02129D
:1093A00013D0ACF1040323F003030433134442F855
:1093B000045B9A42FBD10CF003042CB1C9B21C44EB
:1093C00003F8011B9C42FBD170BD64461346002C80
:1093D000F4D1F9E703461446BDE71A46A446E0E790
:1093E000014803F0DBBB00BFA0090020014803F0E7
:1093F000DBBB00BFA009002038B50022064D0446A3
:1094000008462A60FDF760F9431C00D038BD2B6880
:10941000002BFBD0236038BDC41200200CB40029FF
:109420001F4B10B51C689CB035DB4FF402730290E3
:109430000690ADF814301FAB18D001394FF6FF700D
:109440001E9A0491079102A9ADF8160020460193D7
:10945000F8F762FC421C01DA8B232360029B002296
:109460001A701CB0BDE8104002B070474FF6FF7094
:109470000491079102A9ADF8160020461E9A0193A7
:10948000F8F74AFC431C01DA8B2323601CB0BDE8CB
:10949000104002B070478B234FF0FF302360F5E798
:1094A000A807002080EA0102844612F0030F4FD182
:1094B00011F0030F32D14DF8044D11F0040F51F8A3
:1094C000043B0BD0A3F101329A4312F0803F04BF5A
:1094D0004CF8043B51F8043B16D100BF51F8044B43
:1094E000A3F101329A4312F0803FA4F101320BD173
:1094F0004CF8043BA24312F0803F04BF51F8043BF8
:109500004CF8044BEAD023460CF8013B13F0FF0F54
:109510004FEA3323F8D15DF8044B704711F0010F87
:1095200006D011F8012B0CF8012B002A08BF704758
:1095300011F0020FBFD031F8022B12F0FF0F16BF4F
:109540002CF8022B8CF8002012F47F4FB3D1704717
:1095500011F8012B0CF8012B002AF9D1704700BF3C
:1095600020F0030110F00300C0F1000051F8043BAB
:1095700000F1040C4FEACC0C6FF000021CBF22FA81
:109580000CF213434FF0010C4CEA0C2C4CEA0C4C3F
:10959000A3EB0C0222EA030212EACC1204BF51F838
:1095A000043B0430F4D0C2F1000102EA0102B2FA35
:1095B00082F2C2F11F0200EBD200704771B1034684
:1095C00000EB010C01E0634506D01A460133117827
:1095D0000029F8D1101A7047181A704708467047CA
:1095E0002DE9F04FBDB01C469146049107930590BC
:1095F00018B1836B002B00F08882049A536EB2F985
:109600000C20DB0702D4970540F14385160740F193
:109610000F81049B1B69002B00F00A8102F01A03E2
:109620000A2B00F0148113AB0DF14C0A10930023A8
:10963000CDE9113309930A930693CDE90C3399F8D8
:1096400000304C46DBB1252B19D0254614F8013FDC
:109650000BB1252BF9D1B4EB090610D0119B129A4E
:1096600001333244072B11931292CAE9009600F39A
:1096700048810AF1080A069B334406936B78002B55
:1096800000F009864FF000034FF0000B04F10109D0
:1096900061784FF0FF388DF83B30CDF804B009F118
:1096A0000109A1F120035A2B00F24881DFE813F0F1
:1096B000EA0246014601E3024601460146016A000C
:1096C00046014601D802D20246012201B9024601F2
:1096D000B2025B005B005B005B005B005B005B0059
:1096E0005B005B004601460146014601460146011A
:1096F0004601460146011F02880046014601460117
:109700004601460146014601460146014601E40084
:109710004601460146010302460156024601460142
:10972000FB04460146014601460146014601460149
:109730004601460146011F028C00460146014601D2
:10974000F5028C0081004601FF024601A402E800F8
:109750008C028100460103027E00F90446014601A5
:109760001C0546017E00A1F130034FF0000B0BEB0E
:109770008B0B19F8011B03EB4B0BA1F13003092BE9
:10978000F5D98EE7059D284601F080FB4368184611
:109790000C93FFF7E5FE0D900446284601F076FB9A
:1097A00083680A9314B1002B40F0558499F8001097
:1097B00075E7019B99F8001043F0200301936EE7D1
:1097C000019B43F010030193019B9F0640F16481CC
:1097D000079B073323F007031A46596852F8083BE2
:1097E00007920A460029C0F29C81B8F1FF3F00F0C1
:1097F000A681019921F080010191B8F1000F40F09C
:109800009E8153EA020114BF0121002140F097819B
:1098100088469DF83B303CAD0391039A4245B8BF62
:1098200042460292002B00F097800132029293E0B0
:10983000049D0598294600F0EFFD002840F088853A
:10984000B5F90C2002F01A030A2B7FF4ECAE049950
:10985000B1F90E30002BFFF6E6AE4B6ED80702D4FE
:10986000930540F1518523464A46DDE904103DB099
:10987000BDE8F04F00F090BD019B43F01003019351
:10988000019B13F0200200F0F680079B073323F0C2
:10989000070319465A6851F8083B07910199B8F136
:1098A000FF3F21F4806101914FF000018DF83B10E2
:1098B00040F0B6833CAD03F00701DB08284643EADD
:1098C00042733031D20805F8011D53EA0204F2D187
:1098D000302903D0019BDE0700F1B4833CAB5B1B56
:1098E0000393039B4345B8BF4346029334E0CBF157
:1098F000000B0793019B99F8001043F004030193B8
:10990000CDE61AB911920DF14C0AB4E610AADDE9C0
:10991000041001F017F90023CDE911330028F2D02B
:10992000049B5A6EB3F90C30D00740F19A805A0666
:1099300000F11A8506983DB0BDE8F08F002900F0CF
:10994000AA84002323AD8DF88C108DF83B300123C1
:10995000029303934FF00008019B13F0020602D01C
:10996000029B02330293019BDDE9112013F0840373
:1099700002F1010108938C4605D1029BABEB030475
:10998000002C00F3B7829DF83B10002900F0AF8156
:109990000DF13B020130BCF1070FCAF800204FF077
:1099A0000102CDE911C0CAF8042040F39B8148B1FF
:1099B00010AADDE9041001F0C5F80022CDE911225A
:1099C0000028ADD1002E00F0A68102200FAB4FF091
:1099D000010C0DF14C0A1490139362460AF1080A27
:1099E0000CF1010C089B802B00F09F81039BA8EBDE
:1099F0000307002F00F31D82039BBCF1070FCAF879
:109A000000501844CAF80430CDE911C040F3D981A0
:109A1000002840F063821190019B5B0740F13F8278
:109A2000029B0DF14C0A1298ABEB0304002C00F3DF
:109A3000D481069B029A9345ACBF5B449B18069366
:109A400050B110AADDE9041001F07CF80023CDE943
:109A5000113300287FF464AF00230DF14C0A1193F9
:109A6000EDE599053FF563AF049CA06D03F09CF80C
:109A7000B4F90C305BE7079951F8043B0791019961
:109A800011F010017FF40AAF019A12F0400000F0CB
:109A900018849BB20A4601E7079A52F8043B0792E2
:109AA000019AD60638D4019A550631D543F3C0320F
:109AB0001BB2114696E6079C002654F8045B8DF80D
:109AC0003B60002D00F0DD83B8F1FF3F00F04683DE
:109AD00042463146284601F041FA002800F01B8436
:109AE000431BB046079403939DF83B3095E6079BD4
:109AF000002223AD8DF83B2053F8042B079301235C
:109B00008DF88C200293039324E700F047FE74E560
:109B1000019A940500F1ED83DA1711460029BFF68A
:109B200064AE5B424FF02D0162EB4202B8F1FF3FA1
:109B30008DF83B1003D0019921F0800101910A2B8F
:109B400072F1000180F02683303301220DF1EF0520
:109B50008DF8EF3003929DF83B305EE6019B43F0B9
:109B6000100010F0200200F04C82079B073323F016
:109B7000070319465A6851F8083B07910021B8F1CC
:109B8000FF3F8DF83B1000F0C483012120F08004DA
:109B9000019453EA020440F0F881B8F1000418BFC0
:109BA0000124B8F1000F40F0F081002940F0048258
:109BB00010F001038846039300F00E8230230DF16C
:109BC000EF058DF8EF308CE6019B079A43F0020019
:109BD00047F63003BE49ADF83C3052F8043B0991DA
:109BE000079200224FF00001B8F1FF3F8DF83B10C3
:109BF00000F0D2810221C9E7019B980640F138822A
:109C0000079B069A1B681A60D2175A60079B043399
:109C1000079314E5019B99F8001043F0800301932A
:109C20003DE54A4612F8011B2A2900F0A283A1F162
:109C3000300391464FF00008092B3FF632AD08EB98
:109C4000880819F8011B03EB4808A1F13003092B20
:109C5000F5D926E52B2399F800108DF83B301EE549
:109C6000079B53F804BBBBF1000FFFF640AE99F819
:109C70000010079313E5019B99F8001043F00103CE
:109C800001930CE59DF83B3099F80010002B7FF410
:109C900006AD20238DF83B3001E599F80010019BBB
:109CA000682900F0E08243F040030193F7E499F85B
:109CB0000010019B6C2900F0CD8243F0100301934A
:109CC000EDE4002840F02C829DF83B20002A00F0B3
:109CD000218201220DF14C0A944614920DF13B02AF
:109CE0006046139262460AF1080A0CF1010C002E3C
:109CF0003FF478AE0FAB0230BCF1070FCAF800306A
:109D00004FF00203CDE911C0CAF804307FF765AE09
:109D1000002840F05581089B00224FF0010C0DF106
:109D20004C0A802B10467FF461AE029BABEB03071D
:109D3000002F7FF75BAE102F40F30783654CD446AE
:109D40000026CA46C146A8462546059C09E00022D1
:109D50004FF0010E0DF14C0C1046103F102F40F348
:109D60003D81511C1030102302F1020E0729CCF85E
:109D70000050CCF804300A460CF1080CCDE9111063
:109D8000EBDD10AA0028E2D00499204600F0DAFEAC
:109D9000CDE911660028DAD0C2E550B110AADDE99C
:109DA000041000F0CFFE0023CDE9113300287FF42A
:109DB000B7AD039801230DF14C0A1395149012903E
:109DC0001193019B5C077FF534AE029B0AF1080AF0
:109DD000ABEB0304002C7FF72CAE102C119A40F350
:109DE000B1823D4F10250026DDF8148008E00022E6
:109DF0004FF0010C0DF14C0A1046103C102C42DDC6
:109E0000511C103002F1020C07290A46CAE90075FC
:109E1000CDE911100AF1080AEFDD10AA0028E6D0FA
:109E20000499404600F08EFECDE911660028DED090
:109E300076E5284C102F3ADD4FF01008049E08E01C
:109E400000224FF0010C0DF14C0A1046103F102F6C
:109E50002DDD511C103002F1020C07290A46CAE917
:109E60000048CDE911100AF1080AEFDD10AA3146C9
:109E70000028E5D0059800F065FE0023CDE91133F8
:109E80000028DDD04CE5614620440729CAE900746A
:109E9000CDE911107FF7CDAD002840F05281069B2F
:109EA000029A9345ACBF5B449B180693D4E53844B3
:109EB000BCF1070FCAF80040CAF80470CDE911C020
:109EC0003FF76BAF0AF1080A0CF1010C94E500BFF3
:109ED00028E400107CE400108CE4001010AADDE9F6
:109EE000041000F02FFE0023CDE9113300283FF4C9
:109EF00093AD15E5102C40F31682D4460B95CA4657
:109F0000AC4FC1461023B046089D049E05E0103CAE
:109F10000A46102C02F1010118DD1030072902F168
:109F2000020ECCE90073CDE911100CF1080CEEDD46
:109F300010AA314600BB103C00224FF0010E0DF17B
:109F40004C0C102C104602F10101E6DC46460B9D3C
:109F5000C846D146E2462044BEF1070FCAF8007059
:109F6000CAF80440CDE911E03FF7ABAE0AF1080AA8
:109F70000EF1010C724606E5059800F0E3FD102392
:109F8000CDE911550028D6D0CAE401293FF4D7AD58
:109F900002297FF48FAC01983CAD099C03F00F01BE
:109FA0001B09615C43EA0273120905F8011D53EABB
:109FB0000201F3D1019091E4A0463CAD039490E4FA
:109FC00010AADDE9041000F0BDFD0023CDE9113336
:109FD00000283FF4A0AEA3E43CAD82E42C467146D9
:109FE0004546C846D146E24638440729CAE90047F3
:109FF000CDE9111016DC0AF1080A01F1010C0A463C
:10A00000F4E4079951F8043B079110F010017FF434
:10A01000B5AD10F0400400F045819BB20A46ADE5B5
:10A020000198B3E5002840F0A380039BA8EB030749
:10A03000002F7FF7BEAE00224FF0010C0DF14C0A4D
:10A040001046F7E63023023805F8013C3CAB0546E4
:10A050001B1A039345E40A9B99F800101B78002B08
:10A060003FF41DAB019B43F480630193FFF717BBE3
:10A07000019BD90600F10081019B5A0600F13F8146
:10A08000019B9B0540F1F880079B069A1B681A709C
:10A09000BCE5049DA86D02F081FDB5F90C20FFF729
:10A0A000B5BA01985DE5444B0993019B13F020027A
:10A0B00020D0079B073323F0070318465A6850F84F
:10A0C000083B079053EA02000AD00198C70707D55A
:10A0D0008DF83D1040F00201019130218DF83C10C7
:10A0E000019921F480607DE5344B0993019B13F0C5
:10A0F0002002DED1079850F8043B0790019810F039
:10A100001000DFD1019A12F0400400F0D2809BB21F
:10A110000246D7E74FF0010C0DF14C0A1046E6E578
:10A1200010AADDE9041000F00DFD0022CDE9112296
:10A1300000287FF4F5AB9DF83B20002A7FF4C9ADE1
:10A14000E8E710AADDE9041000F0FCFC0023CDE9EB
:10A15000113300283FF4A3AEFFF7E2BB2846079473
:10A16000B046FFF7FDF99DF83B300390FFF755BB74
:10A1700010AADDE9041000F0E5FC0023CDE911335D
:10A1800000287FF4CDAB039BA8EB0307002F7FF7DC
:10A1900010AE50E701994FF0000ECDF820800DF180
:10A1A000F00C01F48067DDF82880CDF80CB0029740
:10A1B0000DE000BF8CE400103CE4001028E4001027
:10A1C0000A2B72F1000238D333462246AC46981867
:10A1D0006D490EF1010E0CF1FF3540F100000F4604
:10A1E000A1FB001424F0030101EB94014FF0CC34E7
:10A1F000401A191A62F1000604FB01F407FB064439
:10A20000A1FB076105270C4406F001017608A1FBBC
:10A21000071B46EAC4760918640830310CF8011CA3
:10A2200002990029CCD098F80010FF29C8D07145B8
:10A23000C6D10A2B72F100024CD23CABDDF80CB057
:10A24000CDF828805B1BDDF8208003939DF83B3020
:10A25000FFF7E3BA43F0200399F8011009F101096F
:10A260000193FFF71CBA43F4007399F8011009F148
:10A2700001090193FFF713BA079B069A1B681A603E
:10A28000C4E44346414D0794062B28BF062303939D
:10A290000293FFF75FBB129B002B47D10023119362
:10A2A000FFF73EBB10F400723FF468ACDBB222460D
:10A2B00064E4019A12F400723FF404AFDBB2224668
:10A2C00000E7019A12F400723FF4E8AADBB20246FA
:10A2D000FFF7E4BA0D9B0C99ED1A1A46284601F0D7
:10A2E000F7FC98F801300BB108F101084FF0000EAF
:10A2F0006AE743F3C0125BB21146FFF773BA079BDC
:10A30000069A1B681A8081E4886D02F04DFCFFF705
:10A31000AABA019013E4CDF80C8080469DF83B303A
:10A320000794FFF77ABA8E46194F14E610AADDE9B2
:10A33000041000F007FC0023CDE911330028ADD054
:10A34000FFF7EEBA511C124F9EE56146114C4BE6E9
:10A35000049B5B6EDD0707D4049B9B899C0503D49B
:10A36000049B986D02F020FC4FF0FF330693FFF73B
:10A37000E1BA079B99F80110914653F8042B42EA81
:10A38000E2780793FFF78BB9CDCCCCCC50E400102A
:10A390008CE400107CE40010F0B51F468B89ADF210
:10A3A0006C4D154623F00203064616A80C46ADF880
:10A3B0000C304B6E1993CB89ADF80E30CB690793F7
:10A3C0004B6A09931AAB009304934FF48063029392
:10A3D00005930023069302F0D5FB2A463B466946C7
:10A3E0003046FFF7FDF8051E07DB6946304600F0F2
:10A3F000A1F9002818BF4FF0FF35BDF80C305B06FF
:10A4000003D5A38943F04003A381169802F0C4FB4F
:10A4100028460DF26C4DF0BD38B52F4B05460C4665
:10A420001B680BB19A6BD2B1B4F90C3018071DD56B
:10A4300022692AB313F0010107D061690020494263
:10A44000A060A1613AB1002038BD980758BF61698A
:10A45000A160002AF7D119063BD4104638BD184632
:10A4600000F09CF9B4F90C301807E1D4D90628D5CE
:10A470005A0712D4226943F00803A381002AD9D1D4
:10A4800003F42071B1F5007FD4D02146284600F0B6
:10A4900001FDB4F90C302269CCE7216B51B104F114
:10A4A0004002914204D0284600F04EFAB4F90C3034
:10A4B000002222630021226923F02403C4E9002141
:10A4C000D9E7092243F040032A604FF0FF30A3810F
:10A4D00038BD43F04003F8E7A80700202DE9F04F0E
:10A4E000036985B00C69A342C0F29080013C01F180
:10A4F000140500F11408814655F824304FEA840C05
:10A5000058F8242005EB8407013308EB840B9A42AA
:10A51000B2FBF3F642D30020AA46C646CDF80C8023
:10A5200003468846CDE901C505465AF8042BDEF8F6
:10A53000001090B257454FEA124C06FB00508AB209
:10A540004FEA104580B206FB0C55A2EB00021A44FC
:10A55000ABB24FEA1545C3EB224392B203EB114372
:10A5600042EA03424FEA23434EF8042BDDD2414630
:10A57000DDF80C80DDE901C558F80C3073B9ABF19A
:10A58000040BD84504D307E0D84504F1FF3403D2C7
:10A590005BF80439002BF7D0C9F81040484601F0A9
:10A5A0002DF800282EDB00224146944655F8040B76
:10A5B0000B681FFA80FEAF429AB24FEA1040A2EB3E
:10A5C0000E026244C0EB224092B200EB134042EA1A
:10A5D00000424FEA204C41F8042BE7D258F82420DF
:10A5E00008EB84036AB9043B984504D307E0984517
:10A5F00004F1FF3403D253F80429002AF7D0C9F834
:10A6000010400136304605B0BDE8F08F002005B09F
:10A61000BDE8F08FB1F90C301A072DE9F0410C4676
:10A6200080463DD44A68002A55DDA56A002D34D005
:10A630000022D8F80060E169C8F8002013F48052C5
:10A6400056D101234046A847431C024660D0B4F9C6
:10A650000C30A56AE1695F0705D56368D21A236BE0
:10A660000BB1E36BD21A00234046A847451C41D0EA
:10A670000023636023692360A389D90400D5206582
:10A68000216BC8F8006041B104F14003994202D047
:10A69000404600F059F9002323630020BDE8F08113
:10A6A0000E69002EF9D09B070D680E600CBF4B6938
:10A6B0000023AD1B8B600BE02B463246E169404620
:10A6C000676AB847B0F1000CA5EB0C05664406DDDF
:10A6D000002DF1DCE1E7CA6B002AA6DCDDE7B4F966
:10A6E0000C3043F040034FF0FF30A381BDE8F08110
:10A6F000226DB0E7D8F80020B4F90C309AB11D2AC9
:10A7000001D0162AEDD100222369C4E90032B7E74F
:10A71000D8F80030002B9AD01D2B01D0162BDED19B
:10A72000C8F80060B9E7626022692260DA04A6D442
:10A73000A6E700BF38B505460C4608B1836BA3B148
:10A74000B4F90C00B8B1636EDB0701D4810515D5EF
:10A7500028462146FFF75EFF636E0546DA0702D4FE
:10A76000A3899B050ED5284638BD00F017F8B4F92B
:10A770000C000028E7D10546284638BDA06D02F040
:10A780000DFAE5E7A06D02F00FFA284638BD00BFCC
:10A79000014900F057BB00BF35A700102DE9F04775
:10A7A00082463A4802F0FAF9DAF83840002C68D1CB
:10A7B000374A0323DAF804502146CAF83C200AF548
:10A7C000AC72CAF850310423DFF8D89005F15C0070
:10A7D000DFF8D4802F4F304ECAF854210822CAF82F
:10A7E0004C41EB60AC606C66AC61C5E90044C5E906
:10A7F0000444FEF7A1FD05F15800EE62C5E90759D2
:10A80000C5E9098702F0BEF9DAF80850234B214662
:10A810000822AC60EB6005F15C006C66AC61C5E9D8
:10A820000044C5E90444FEF787FD05F15800EE62D7
:10A83000C5E90759C5E9098702F0A4F9DAF80C500F
:10A84000174B2146082205F15C00EB60AC606C669A
:10A85000AC61C5E90044C5E90444FEF76DFD05F1AE
:10A860005800C5F82480C5E90759C5E90A7602F001
:10A8700089F901230548CAF83830BDE8F04702F0ED
:10A8800093B90248BDE8F04702F08EB9B409002040
:10A8900091A70010A1BC0010C9BC00100900010064
:10A8A000120002003DBC001061BC0010F8B5224F40
:10A8B0000C460646FEF794FDBB685D6825F003056F
:10A8C00005F6EF73191B1D4C0C40A4F58054B4F52C
:10A8D000805F07DB00213046FEF78EFDBB682B440E
:10A8E000984204D03046FEF781FD0020F8BD614259
:10A8F0003046FEF781FD01300DD02D1B104ABB689C
:10A90000304645F001055D6013681B1B1360FEF7C0
:10A910006DFD0120F8BD00213046FEF76DFDBA68DF
:10A92000831A0F2BDEDD43F0010305495360054B0D
:10A930001B68C01A0860D5E73003002000F0FFFF55
:10A9400090120020AC07002000297CD02DE9F041B6
:10A950000C468046FEF744FD774F54F8043CA4F1C2
:10A960000805BE6823F0010168184268864222F09B
:10A97000030200F08380DE0700EB020C426033D458
:10A9800054F8084CDCF8043007F1080C2D1B214466
:10A9900003F00103AC68644564D0D5F80CE0C4F85A
:10A9A0000CE0CEF80840002B00F0818041F001035C
:10A9B0006B600160B1F5007F22D2CB08012249090A
:10A9C00001338A4079680A4357F833107A6007EBFD
:10A9D000C302083AC5E9021247F83350CD60404639
:10A9E000BDE8F041FEF702BDDCF80430DB072BD5F3
:10A9F00041F00103B1F5007F44F8043C0160DCD371
:10AA0000B1F5206F4FEA512353D28B0903F139007E
:10AA100003F13802C300F818FB580838984203D1F4
:10AA200063E09B68984204D05A6822F003028A428D
:10AA3000F7D8D868C5E9023085604046DD60BDE8DA
:10AA4000F041FEF7D3BC7047114407F1080C83684E
:10AA500063453FD0C268DA60936041F001036B60E8
:10AA60006950A7E7002B61D10A44D0E90213CB60FB
:10AA7000996042F001036B60AA50B0E7DB070A441B
:10AA800007D454F8083CED1A1A44D5E90213CB60F8
:10AA9000996042F001036B60284BBD601B689342D4
:10AAA0009DD8274B40461968FFF700FF97E71144F0
:10AAB000CDE7142B08D9542B1FD80B0B03F16F00D3
:10AAC00003F16E02C300A6E703F15C0003F15B0231
:10AAD000C300A0E741F001033D617D61C5F808C0F6
:10AAE000C5F80CC06B60695079E70121921001FA3A
:10AAF00002F279680A437A609CE7B3F5AA7F06D828
:10AB0000CB0B03F1780003F17702C30083E740F237
:10AB10005452934206D88B0C03F17D0003F17C0262
:10AB2000C30078E74FF47E737E2274E741F001039F
:10AB30006B60016053E700BF30030020B0070020C6
:10AB4000C01200209368002B00F0F980B1F90CC00E
:10AB50001CF0080F2DE9F04F904683B081460C465B
:10AB600031D00B697BB31CF00207D8F8006038D0F5
:10AB70000027D4F824B0E169DFF8C4A23D4655456A
:10AB80002B463A46484628BF5346C5B1D847002809
:10AB900040F3CB80D8F8083007442D1A1B1AC8F8A8
:10ABA0000830002B00F0B78055452B46D4F824B070
:10ABB0003A46E16928BF53464846002DE6D1D6E91A
:10ABC00000750836DBE721464846FFF725FC0028DC
:10ABD00040F0B080B4F90CC0D8F800601CF0020757
:10ABE000C6D11CF0010A64D123685746A1681846F3
:10ABF0008B46002F59D01CF4007F00F0B680B9427C
:10AC00000A4600F2E2801CF4906F30D021695D1A90
:10AC1000636913EB430348BF01334FEA630B6B1CBB
:10AC20003B445A465B4501D99B461A461CF4806F4B
:10AC300000F0EA8011464846FEF7BEF8002800F012
:10AC4000F9802A4621690090F5F762FBA289009BF2
:10AC500022F4906242F08002A2815819C4F814B024
:10AC6000ABEB05053A46BB462361A5602060514623
:10AC7000009200F0BFF9A16823683D46009AA1EB5D
:10AC80000B0100271A44A1602260D8F80830AA44BA
:10AC90005B1BC8F80830002B3DD02368A168B4F9CD
:10ACA0000CC018468B46002FA5D1D6E900A7083660
:10ACB0009DE73846BB463D460097002D41D0002811
:10ACC00046D0009AA168AA426369206828BF2A4634
:10ACD00003EB010A2169884202D9524500F38580BD
:10ACE000934275DC5A46E1694846676AB847B0F155
:10ACF000000A1ADD009BB3EB0A0300930FD001207A
:10AD0000D8F80830D344A5EB0A05A3EB0A03C8F82A
:10AD10000830002BD1D1002003B0BDE8F08F2146D0
:10AD20004846FFF707FD0028EAD0B4F90C3043F09D
:10AD30004003A3814FF0FF3003B0BDE8F08F002047
:10AD40007047756833460836002DFAD0D3F800B046
:10AD50002A460A21584600F001F9002867D0013040
:10AD6000A0EB0B031A460093ACE722699A4214D376
:10AD70006269BA4211D86FF00043656AE1694846DA
:10AD8000BB4228BF3B4693FBF2F302FB03F3524660
:10AD9000A847051EC9DD7F1B77E7B942184628BFC3
:10ADA00039460D4651462A4600F024F9A168236829
:10ADB000491B2B44A16023600029ECD12146484661
:10ADC000FFF7B8FC0028E6D0AFE7BB463A464EE7AF
:10ADD0005946019200F00EF9019AA36892469B1A17
:10ADE000A36023681344236084E75946524600F069
:10ADF00001F923682146484653442360FFF79AFC33
:10AE000000283FF477AF90E7484600F029FD03465D
:10AE100000287FF422AF21694846FFF795FDB4F979
:10AE20000C300C2223F08003C9F800207FE76A1C55
:10AE3000009247E70C22B4F90C30C9F8002076E7FD
:10AE400000FCFF7F2DE9F8434FF0000906468846D5
:10AE500000F5A677D7E90154013D10D4A389013D3F
:10AE6000012B08D9B4F90E3021463046013302D007
:10AE7000C04749EA00096B1C04F16804EED13F6841
:10AE8000002FE7D14846BDE8F88300BF004870476F
:10AE9000A4080020B1F90C30F0B50C46990797B022
:10AEA00007D504F1430301222360C4E9043217B03B
:10AEB000F0BDB4F90E10054600292EDB6A4601F0FC
:10AEC00019F8002827DB019E4FF48067284606F416
:10AED00070463946A6F50056B6FA86F67609FDF7AD
:10AEE0006BFF40B3A3891C4A43F08003EA63A3814C
:10AEF0002060C4E90407002ED9D0B4F90E1028460A
:10AF000001F00EF80028D2D0A38923F0030343F008
:10AF10000103A381CBE7B4F90C3013F0800F28466E
:10AF20004FF000060CBF4FF4806740273946FDF70D
:10AF300043FF0028D6D1B4F90C309A05B7D423F0DA
:10AF4000030304F14302012143F002032260C4E938
:10AF50000421A381ABE700BF91A700105FFA81FC39
:10AF6000810744D00346511E22B909E09A0709D04F
:10AF7000013905D31846013302786245F6D170478E
:10AF800000207047184603290CD80029F8D0034642
:10AF9000014401E08B42F3D0184613F8012B6245BF
:10AFA000F8D1ECE710B50CEB0C24024604EB04449A
:10AFB00002E00439032918D9104652F8043B6340D3
:10AFC000A3F1013E2EEA030313F0803FF1D051B10B
:10AFD0000346014401E08B4205D0184613F8012BCB
:10AFE0006245F8D110BD002010BD1046EFE71146B4
:10AFF000C9E700BF88420ED98B1883420BD900EBFA
:10B00000020C002A6ED0624613F801CD994202F874
:10B0100001CDF9D170470F2A0FD8034602F1FF3C4A
:10B02000002A5FD00CF1010C013B8C4411F8012B7C
:10B03000614503F8012FF9D1704740EA01039B07EE
:10B0400051D1A2F1100301F1200C70B523F00F05CE
:10B0500001F1100E00F110041B09AC445EF8105C05
:10B060000EF1100E103444F8205C5EF81C5C44F8BD
:10B070001C5C5EF8185C44F8185C5EF8145CE645ED
:10B0800044F8145CEAD1013312F00C0F02F00F0CFB
:10B0900001EB031100EB031329D0ACF1040C1C1FCE
:10B0A0008E462CF003064FEA9C0C1E445EF8045BAF
:10B0B00044F8045FB442F9D10CF1010402F0030238
:10B0C00003EB840301EB840102F1FF3C4AB10CF174
:10B0D000010C013B8C4411F8012B614503F8012F51
:10B0E000F9D170BD704702F1FF3C03469AE7624612
:10B0F000EAE700BF38B5C36C05460C464BB153F8C0
:10B10000240080B1026843F824200023C360036157
:10B1100038BD2122042100F0ABFE0346E86400287C
:10B12000EDD1002038BD0121284601FA04F56A1D41
:10B13000920000F09DFE0028F3D0C0E90145E4E74D
:10B1400031B1C36C4A6853F82200086043F82210FA
:10B15000704700BF2DE9F04107460E461C460D69B9
:10B1600001F1140E0020DEF8001001308BB2854290
:10B170004FEA114102FB03434FEA134C9BB202FB1F
:10B1800001CC03EB0C434FEA1C444EF8043BEADCD1
:10B190003CB1B368AB4207DD06EB850301355C616A
:10B1A00035613046BDE8F081716838460131FFF7FE
:10B1B000A1FF8046A8B1326906F10C010C300232C1
:10B1C0009200F5F7A5F8FB6C726853F82210316015
:10B1D00043F82260464606EB850301355C61356124
:10B1E000DFE70246024BB5210248FDF7A3FD00BF91
:10B1F000ACE4001018E50010B0F5803F034618D20B
:10B2000003041020B3F1807F01D208301B02B3F198
:10B21000805F01D204301B01B3F1804F03D3002BB8
:10B2200006DB013070479B0005D45B0005D420206D
:10B2300070470020E6E7023070470330704700BFD8
:10B240000368014613F0070207D0DA071FD49807F6
:10B2500021D55B0801200B60704798B2A0B1104661
:10B26000DAB20AB908301B0A1A0701D104301B09E7
:10B270009A0701D102309B08DA0703D45B0800F17A
:10B28000010006D00B6070471B0C1020E8E700207F
:10B290007047202070479B0802200B60704700BF5A
:10B2A00038B5C36C04460D464BB15868B0B102685E
:10B2B0005A60002201234561C260036138BD21222A
:10B2C000042100F0D5FD0346E0640028EDD1094BD0
:10B2D00000224FF4A0710848FDF72CFD1C2201212B
:10B2E000204600F0C5FD0028F1D001220223426073
:10B2F0008360DEE7ACE4001018E500102DE9F04FA4
:10B30000D1F8108085B015690E469246A84505DB38
:10B310002A46534645468A4690461E4605EB080493
:10B32000DAE90113A342B8BF0131FFF7E3FE0028B9
:10B3300000F08B8000F1140707EB840E774505D2EF
:10B340003B46002243F8042B9E45FBD814360AF1F5
:10B35000140906EB880809EB8505464568D2A5EB7C
:10B360000A030AF1150ACDF808E0AE46153B03942E
:10B3700023F00303043355452CBF9B464FF0040BC9
:10B38000824605E0090C2CD1B04507F104074CD9E1
:10B3900056F8041B8DB2002DF4D0CC463C46002359
:10B3A00001965CF8040B216886B2E6458AB24FEA42
:10B3B000104005FB06224FEA11411A4405FB00111B
:10B3C00001EB124192B24FEA114342EA014244F8C2
:10B3D000042BE6D8019E47F80B3056F8041C090CE4
:10B3E000D2D03B68002248463D461C46944602881F
:10B3F0009BB201FB02C202EB144243EA024345F84E
:10B40000043B50F8043B2C684FEA134C8645A3B22A
:10B4100001FB0C3303EB12434FEA134CE7D8B04562
:10B4200047F80B3007F10407B2D85046DDE902E4D3
:10B43000002C02DC05E0013C03D05EF8043D002B4B
:10B44000F9D0046105B0BDE8F08F0246024B40F22E
:10B450005D110248FDF76EFCACE4001018E5001029
:10B4600012F003032DE9F041144607462CD10D4696
:10B47000A4101CD0BE6C86B3E3074FF0000806D4BE
:10B48000641014D03068A8B10646E307F8D53246F8
:10B4900029463846FFF732FF35B1FB6C696853F82F
:10B4A00021202A6043F8215064100546EAD128463D
:10B4B000BDE8F081324631463846FFF71FFF306065
:10B4C0000646C0F80080E0E7013B0F4A52F823200F
:10B4D0000023FFF73FFE0546CAE701213846FFF784
:10B4E00009FE064640B1012340F27122C0E9043250
:10B4F0000023B8640360BFE70246044B4FF4A07119
:10B500000348FDF717FC00BF70E50010ACE4001025
:10B5100018E500102DE9F0470C46904606464FEA24
:10B5200062192769A36807EB621749687D1C9D4271
:10B5300003DD5B0001319D42FBDC3046FFF7DAFDA5
:10B54000002850D0B9F1000F00F1140C0EDD09F104
:10B550000502634600214FEA820E00EB820243F8A7
:10B56000041B9342FBD1AEF114039C4404F1140379
:10B57000216918F01F0803EB81012BD0C8F12009C5
:10B58000E6464FF0000A1A6802FA08F242EA0A0296
:10B590004EF8042B53F8042B994222FA09FAF2D8F8
:10B5A0000B1B04F11502153B23F0030304339142F6
:10B5B00038BF04234CF803A0BAF1000F00D13D4678
:10B5C000F36C6268056153F82210216043F8224051
:10B5D000BDE8F087ACF1040C53F8042B99424CF809
:10B5E000042FF9D8EBE70246024B40F2D91102488A
:10B5F000FDF7A0FBACE4001018E5001084460B69D1
:10B600000069C01A16D10CF1140C14310CEB830232
:10B6100001EB830310B401E0944508D252F8044DC5
:10B6200053F8041D8C42F7D005D24FF0FF305DF87F
:10B63000044B7047704701205DF8044B704700BF12
:10B640002DE9F04F136983B00F690D469046FF1A3C
:10B65000002F15D101F11406143202EB830206EB20
:10B66000830301E09E4276D253F8044D52F8041D44
:10B670008C42F7D006D22B4601274546984601E07A
:10B68000F9DB00276968FFF735FD002875D02E69C2
:10B6900005F1140B08F1140ED8F8103000F1140A5B
:10B6A000C76005F110010EEB83090BEB86024FF02A
:10B6B000000C5746CDF804B05EF8044B51F8045F17
:10B6C0001FFA84FBF145ABB24FEA1444A3EB0B0322
:10B6D000C4EB1544634404EB23449BB24FEA244C6F
:10B6E00043EA044347F8043BE6D8A9EB080508F110
:10B6F0001508DDF804B0153DAD08691C8900C14589
:10B7000038BF04210BEB01045144A2422ED90F464D
:10B71000254655F8043B1FFA83F8AA424FEA134E18
:10B720006344C4449BB20EEB2C4C43EA0C434FEAF7
:10B730002C4C47F8043BECD8013A121B22F00302D0
:10B74000114423B951F8043D013E002BFAD00661A3
:10B7500003B0BDE8F08F0021FFF7CCFCA0B10122BF
:10B760000023C0E9042303B0BDE8F08FAD00C1455C
:10B7700038BF00250AEB0501E3E70246064B4FF40C
:10B7800010710648FDF7D6FA0246034B40F232210B
:10B790000248FDF7CFFA00BFACE4001018E5001036
:10B7A0002DE9F0430E4683B00121154659EC108B6C
:10B7B000FFF7A0FC0446002846D0C9F30A57C9F396
:10B7C00013030FB143F480130193B8F1000313D1B5
:10B7D00001A8FFF735FD019B012220306361226142
:10B7E0000FB3A7F233470744C0F135003760286034
:10B7F000204603B0BDE8F08368460093FFF720FDC4
:10B80000019BF8B1C0F12002009903FA02F2C34093
:10B810000A430193002B6261A3610CBF0122022243
:10B820002261002FDDD104EB8203A0F232403060B0
:10B830001869FFF7E1FCC0EB42102860204603B016
:10B84000BDE8F083009AE5E70246034B40F20A3177
:10B850000248FDF76FFA00BFACE4001018E50010D5
:10B860002DE9F04F164683B0002900F09E800C466B
:10B8700006F10B058046FDF7B3FD54F8040C162DB8
:10B88000A4F1080920F0030762D81022002315460E
:10B89000B542C0F0A280002B40F09F80974261DA51
:10B8A000DFF828B309EB0701DBF80830D1F804C052
:10B8B0008B4200F097802CF001030B445B68DB07A0
:10B8C00068D42CF0030C07EB0C03934245DAC00755
:10B8D00012D454F8083CA9EB030ADAF8043023F038
:10B8E000030084440CEB070B5A4540F3FE8007EB42
:10B8F000000B5A4540F3D48031464046FDF75CFAD0
:10B900000646002800F0298154F8043CA0F1080202
:10B9100023F001034B44934200F0B1803A1F242AE4
:10B9200000F2DF80132A00F2B0800346224611683D
:10B9300019605168596092689A6021464046FFF745
:10B9400003F84046FDF752FD304603B0BDE8F08FE6
:10B9500025F007052A46EB0F9AE71F46D1E9022397
:10B96000D3609A60781BD9F8043009EB07020F28DE
:10B9700003F001031FD83B43C9F80430536843F078
:10B980000103536040462646FDF730FD304603B0C4
:10B99000BDE8F08FC107AFD454F8083CA9EB030A07
:10B9A000DAF8043023F00300A1E7114603B0BDE844
:10B9B000F04FFDF701BA2B4309EB050140F0010000
:10B9C000C9F80430083141F8040C4046536843F08C
:10B9D00001035360FEF7B8FFD4E70C23C8F800302A
:10B9E0000026D3E72CF0030C05F110010CEB070344
:10B9F0008B4280F29280C3073FF57EAF54F8083C3B
:10BA0000A9EB030ADAF8043023F0030084440CEBBA
:10BA1000070399423FF76BAF3A1F5646DAF80C100E
:10BA200056F8080F242AC160886000F2B080132AFB
:10BA300040F2AB8021681B2ACAF808106168CAF876
:10BA40000C1000F2AB8008340AF11002216811607A
:10BA500061685160A16891605B1B0AEB050240467A
:10BA600043F00103CBF808205360DAF8043003F008
:10BA700001032B43CAF80430FDF7B8FC86E750F801
:10BA8000043C23F003031F446CE723681B2A036074
:10BA90006368436036D804F1080200F1080346E702
:10BAA0003A1F5646DAF80C30242A56F8081FCB60A5
:10BAB000996022D8132A1ED923681B2ACAF8083095
:10BAC0006368CAF80C303CD808340AF110032268C5
:10BAD0001A6062685A60A2689A6034465F46D1462E
:10BAE00040E72146FFF786FA27E7D1E902133A1F1C
:10BAF000CB609960D5E73346E9E721463046FFF74A
:10BB000079FAEAE7A368242A8360E368C36028D04F
:10BB100004F1100200F1100309E75B1B09EB0502B9
:10BB20004046264643F00103CBF80820536054F802
:10BB3000043C03F001032B4344F8043CFDF756FC9E
:10BB400024E7A368242ACAF81030E368CAF814303E
:10BB500010D010340AF11803B9E74046FDF746FC4F
:10BB60003EE7236904F1180203616369436100F150
:10BB70001803DCE623691834CAF8183054F8043C7A
:10BB8000CAF81C300AF12003A1E732465EE72146DD
:10BB900030460193FFF72EFA019B5DE7A168242A46
:10BBA000CAF81010E168CAF8141003D010340AF172
:10BBB00018024BE722691834CAF8182054F8042CEC
:10BBC000CAF81C200AF1200240E700BF3003002021
:10BBD00038B553EC102B23F00041144D04460020DF
:10BBE000A94220601ED815460D431BD0104D9C461F
:10BBF0001D405DB91046194600220E4BF4F7BAFD00
:10BC000002468C466FF0350021F000410915A1F283
:10BC1000FE310144216008490CEA010141F07F53E3
:10BC200043F4001343EC102B38BD00BFFFFFEF7F40
:10BC30000000F07F00005043FFFF0F8010B50C465E
:10BC4000B1F90E1000F0AAF9002803DB236D0344BC
:10BC5000236510BDA38923F48053A38110BD00BFC9
:10BC60002DE9F0410C46B1F90C101F460546CB05F5
:10BC700016460BD421F480513B4632462846A1811A
:10BC8000B4F90E10BDE8F04100F0DCB8B4F90E10C4
:10BC90000223002200F056F9B4F90C10EAE700BFC5
:10BCA00010B50C46B1F90E1000F04CF9421CB4F975
:10BCB0000C3004D043F480532065A38110BD23F4DD
:10BCC0008053A38110BD00BFB1F90E1000F000B980
:10BCD00040EA01039B0710B501D1032A17D8844617
:10BCE00001F1FF3E07E01EF8011F541E03F8011B7F
:10BCF00029B122469C466346002AF4D110BD002C8F
:10BD0000FCD0944403F8011B6345FBD110BD8E4663
:10BD10008446DEF8004071460EF1040EA4F10133B2
:10BD200023EA040313F0803FDAD1043A4CF8044BC1
:10BD3000032AEED87146D3E793682DE9F04F924677
:10BD400083B01768002B75D04FF0000B81460C466E
:10BD50008B680A685D4647E0B4F90C3013F4906FC5
:10BD60002ED0D4E9041616EB4606A2EB010848BF14
:10BD7000013608F1010076102844B042324601D95C
:10BD8000064602465B0539D511464846FDF714F8CC
:10BD9000019000283CD042462169F4F7B9FAA28903
:10BDA000019B22F4906242F08002A281A6EB08027D
:10BDB00003EB08006661A8462E46A260236120605E
:10BDC00032465946FFF716F9DAF80810A3682268D8
:10BDD000491BA3EB08033244A3602260CAF8081091
:10BDE00041B3D7E900B5083798461046002DF8D082
:10BDF0009D421E46B0D2A8462E46E1E74846FFF7D0
:10BE00002FFD03460028D1D121694846FEF79CFD4D
:10BE1000A3890C224FF0FF3043F04003C9F8002003
:10BE20000022A3810023CAF80820CAF8043003B016
:10BE3000BDE8F08F00200023CAF8043003B0BDE84D
:10BE4000F08F00BF38B50C4684461146074D1A46A0
:10BE50000023204664462B6000F081FE431C00D086
:10BE600038BD2B68002BFBD0236038BDC4120020E6
:10BE700010B502FB01F1FCF79FFF044668B150F8D2
:10BE8000042C22F00302043A242A14D8132A06D8D8
:10BE900002460023136053609360204610BD0023C8
:10BEA0001B2A036043600BD9242A8360C3600AD035
:10BEB00000F11002EDE70021FDF73EFA204610BD2B
:10BEC00000F10802E5E700F1180203614361E0E7D1
:10BED00038B50022064D044608462A6000F043FEAD
:10BEE000431C00D038BD2B68002BFBD0236038BD2D
:10BEF000C412002070B50C460346084D00262046AB
:10BF000011461C462E6000F038FE431C00D070BD68
:10BF10002B68002BFBD0236070BD00BFC412002033
:10BF200038B50022064D044608462A6000F020FE7F
:10BF3000431C00D038BD2B68002BFBD0236038BDDC
:10BF4000C412002038B50C4684461146074D1A46E7
:10BF50000023204664462B6000F008FE431C00D0FE
:10BF600038BD2B68002BFBD0236038BDC4120020E5
:10BF700082B049B15AB16BB113780B601278101EC0
:10BF800018BF012002B0704701A9002AF3D1104662
:10BF900002B070476FF00100F4E700BF38B50C46FF
:10BFA00084461146074D1A460023204664462B60FE
:10BFB00000F0D1FD431C00D038BD2B68002BFBD016
:10BFC000236038BDC4120020034649B1FF2A02D8BD
:10BFD00001200A7070478A224FF0FF301A607047C4
:10BFE000084670477047836800EBC101B3F5004F06
:10BFF0002CBF51F8220031F81200704700EBC1014C
:10C000008068B0F5004F2CBF41F8223021F8123083
:10C010007047012208B5FFF7E6FFD04008BD8368EE
:10C0200000EBC101B3F5004F08D34B681AB143F0E0
:10C0300001034B60704723F00103FAE74B881AB104
:10C0400043F001034B80704723F00103FAE75300EC
:10C050000122FFF7D3BFB0F5004F34BF04230823FC
:10C06000481C0833A0EBD300B0FA80F0C0F11F00E9
:10C0700070472DE9F0410D4686680446FFF7C9FF79
:10C08000B6F5004F014601D3012832D03046FFF704
:10C09000E2FF04EB80010E6996B90122E368824059
:10C0A0001343E36002220D612B4629462046FFF729
:10C0B000A5FF032229462046BDE8F041FFF79EBFB9
:10C0C000022231462046FFF78EFF074603462946E7
:10C0D0002046FFF793FF0322334629462046FFF709
:10C0E0008DFF39462B462046FFF788FF0222314656
:10C0F000E1E7BDE8F081B2F5802F2CBF08230423CF
:10C100002DE9F0410026D21A8C18CD1D25F0070527
:10C1100024F00704641BE408056021462046AC6057
:10C12000EE60FFF798FF421D9200013002F1070711
:10C130004FEAD7073146A2F1100205F11000B8BF4F
:10C140003246FDF7F9F83A4631462846FFF77FFFB9
:10C150003346324631462846FFF750FFA4EB070826
:10C16000284631460122FFF75AFF42463946FFF77B
:10C170006EFF3B46324639462846FFF73FFF2146D1
:10C180002846FFF764FF4346324621462846FFF71C
:10C1900035FF214628460122FFF741FF3946BDE819
:10C1A000F041FFF766BF2DE9F04706460D461746FA
:10C1B00098462BB34FF0000A98F8004093F801908E
:10C1C000DB78A40004EB430498F802301C44444498
:10C1D000CA4509D339463046AC46D8F8042008F1A0
:10C1E0000803BDE8F047604714F8013B0AF1010A73
:10C1F000204648F82340FDF7B3F901300444E7E74F
:10C200006FF01500BDE8F08770B50025024628469E
:10C21000144614F8013B0BB9184609E098B18D4259
:10C2200007D1702B04D0A3F140023A2A0BD800208A
:10C2300070BDA3F140063A2E05D853780135941C01
:10C24000002BE9D00020252B224608BF80F00100FA
:10C25000DEE70020704730B50C688B6814B14A687F
:10C260009A4202DC01338B6030BD013A9A4214BF1E
:10C2700005460025E5548B68F4E70FB407B504A91B
:10C2800051F8040B019100F0EDFA03B05DF804EBF6
:10C2900004B070470CB407B504AB53F8042B0193FA
:10C2A000F8F7E8FF03B05DF804EB02B0704704460E
:10C2B00008B5084611461A46A047FCF7E7F9FAF711
:10C2C00083F8D0E9002130B54FF03333A2FB0324CB
:10C2D000D51843EB0405A1FB0313521844EB0304E8
:10C2E000521944F10002891843F10003C0E9001318
:10C2F00030BD10B50A680346002A0FDD013A0A6016
:10C3000044680A201A68A2FB001200FB0422100FE6
:10C3100022F07042C3E90012303010BD3020FCE73B
:10C320002DE9F0410746884615461E461446B4429C
:10C3300005D30EB1601B08E02378002BFAD04146EC
:10C3400014F8010BB8470028F1DABDE8F08110B508
:10C350000369024613F0080009D11368D4689C42AF
:10C360009BBF0120126AE31AD31A0B6010BD002391
:10C370001846FAE713B501A90446FFF7E8FF20B114
:10C38000019BE268013B13440193206A019BC01AA0
:10C39000013802B010BD10B5044650182269236A56
:10C3A000D20702D5013B184010BD984228BFC01AE1
:10C3B000FAE710B504460A46C168FFF7ECFF2369A7
:10C3C000E06023F00803236110BD38B50D46C26953
:10C3D0008B00016843F00203044642F821300168F3
:10C3E0002A46FFF7D8FFE3686168984208BF2369CF
:10C3F000206008BF43F008032A46204608BF236197
:10C40000FFF7C9FF606038BD2DE9F74FC768C669FF
:10C410009B4606EB8703009316F82730044603F08B
:10C420000303022B884691464FF000030BD01360A4
:10C43000CBF8003023699B0713D44FF0000A504615
:10C4400003B0BDE8F08F56F8271013608908CBF8C9
:10C450000030EFD0FFF7ADFFE368A3604FF0010AB3
:10C46000EDE7A3690098984716F82720054612F0D3
:10C47000010AE2D012F002021FD0B8F1000F03D07F
:10C4800041462046FFF7A1FF61682A462046FFF794
:10C4900082FFD4E902219142606006D12A462046FB
:10C4A000FFF779FF4FF0000AA060A2682260E26007
:10C4B000226942F008022261C1E70146204601924A
:10C4C000FFF777FFE368A360B8F1000F04D021689D
:10C4D000E369019A43F8212005EB0802CBF800201C
:10C4E00021682046FFF757FF2369206043F00803C7
:10C4F000236116F827306FF3000306F82730009BFE
:10C50000C9F80030AAE770B504461546FFF743FFA7
:10C510002368834205D12369216023F00803236146
:10C5200070BDE269AB0043F0020342F8213061685C
:10C530002A462046FFF72FFF6060F1E738B5036910
:10C5400004465B0706D5456AFFF714FF85422CBFFA
:10C550006562606238BD38B50D4604461C22002174
:10C56000FCF7EAFE0022EB68A361AB6863612B680D
:10C57000E3616B68626223622A6923B1591E194222
:10C5800008BF42F001022261012204F128000021CB
:10C59000BDE8384001F095B92DE9F04F002587B08E
:10C5A0000093036A04468B420E469246A9460395C1
:10C5B000059539D3EFF3118B102383F31288BFF362
:10C5C0006F8F059AD8462AB129462046FFF79BFF70
:10C5D0000023059304A92046FFF7B9FE04990746F6
:10C5E000B1422AD32268E369204613F8221003EBF4
:10C5F000820921F0030103F8221021683246FFF777
:10C60000CAFEE3682060984212D0002788F31188A0
:10C61000BFF36F8F039929B162690AB12046904731
:10C6200000230393002FC5D1484607B0BDE8F08F23
:10C63000236943F008032361E7E718B12046FFF7B9
:10C64000C4FEE3E7009B5AEA03021CD0019101F00B
:10C6500044F90199B8B9BBF1000F14D187F31188DF
:10C66000BFF36F8F5246009B04F12800FBF7C4FC18
:10C67000EFF31188102383F31288BFF36F8FB0FAA2
:10C6800080F77F09C2E7204605AB03AA2568FFF7BC
:10C69000BBFE0746BAE770B50446836908460D46F7
:10C6A00098470246EFF31186102383F31288BFF3F5
:10C6B0006F8F2B78204643F001032B706168FFF7E2
:10C6C0006AFE60602046FFF739FF86F31188BFF3EA
:10C6D0006F8F70BD2DE9F04104461027EFF31186EE
:10C6E00087F31288BFF36F8F236913F0080FA368D5
:10C6F00002D16268934200D9226AD21AE16932B942
:10C7000086F31188BFF36F8F4FF0000833E011F804
:10C71000232001EB830812F00300F1D0022803D19B
:10C7200051F82350AD0805D1D00712D44046A36973
:10C7300098470546A1682A462046FFF72CFE294661
:10C74000A0602046FFF735FE86F31188BFF36F8F98
:10C75000C4E742F0020201F82320A3694046A5681D
:10C760009847294602462046FFF715FEA06086F34B
:10C770001188BFF36F8F4046BDE8F081F8B50446DD
:10C78000836908460D4698470646EFF31187102344
:10C7900083F31288BFF36F8F2B786FF300032B7036
:10C7A00023699B0705D5E268E36903EB82039D4299
:10C7B0001AD12B786FF341032B70D4E902319942DF
:10C7C00004D132462046FFF7E6FDA0603146204600
:10C7D000FFF7EFFD87F31188BFF36F8F04F1280097
:10C7E000BDE8F840FBF7D4BB2B6860F39F032B60D8
:10C7F000F0E7EFF31181102383F31288BFF36F8FFB
:10C80000036913F0080F836802D14268934200D98C
:10C81000026AD31A81F31188BFF36F8F181E18BFF5
:10C8200001207047704703785B075FBF0368428849
:10C83000C3F34A2303EB12105DBF173020F007004B
:10C84000800800207047002070470346D3E8EF0FB0
:10C85000421CC3E8E12F0029F8D1704708B501F068
:10C8600035F908BD1FB50023CDE902011A46194666
:10C870001846CDE90033F9F783F805B05DF804FBFD
:10C880000120F8F745BE002070474368DA710122A5
:10C890004368196043685A71F8F72CBE70B51546A5
:10C8A0000C4669B1D2E901369B1B99420AD813683C
:10C8B0000A4601469819F3F72BFDAB682344AB6099
:10C8C000204670BD6FF01B00FBE770B50E461546A5
:10C8D0001946044618B9BDE87040F8F719BE33B1DF
:10C8E000C2F34A231030120D1844F3F711FDC4E9C6
:10C8F00000562046BDE87040F8F79EBF2DE9F34191
:10C900005F1C4FEA8708064608F1170020F0070071
:10C9100080080C461546F8F775FE00238DF8047064
:10C92000ADF805308DF8073068B10346019AA8F1DB
:10C93000040143F8102F2A46294452F8045B8A4226
:10C9400043F8045FF9D100233146A20102F4E072FA
:10C9500042EA482222F07F4222F4700222F03F0293
:10C9600002B0BDE8F041FFF7B0BF07B50123019267
:10C9700001AAFFF7C3FF03B05DF804FB07B5CDE9DB
:10C98000002302236A46FFF7B9FF03B05DF804FBFA
:10C99000F8B506460D4614461F4604B9F8BD2146B3
:10C9A00028463A46B047241A0544F6E710B54268CF
:10C9B0000446D2E9002381680068FFF7E9FF0022FE
:10C9C00063681A6010BD13B500240094F4F714FBDB
:10C9D00002B010BD38B54B6805461A68CB680C46E6
:10C9E0009A4202D10846FFF7E1FF6368D3E8EF2FD0
:10C9F000511CC3E8E01F0028F8D1A36800209D5413
:10CA000038BD0A2838B504460D4602D10D20FFF77F
:10CA1000E1FF29462046FFF7DDFF002038BD2DE964
:10CA2000F043054687B008460E8891F800900C4602
:10CA3000D1F808801746F8F7F3FF011EC6F38216F7
:10CA4000C9F3C2091EDB4846F8F708FF0346214632
:10CA500051F8102B6088C2F34A22002A01EB02042D
:10CA600008BF00210022C0F30B10CDE90407CDE977
:10CA700002142846414601960092F8F7FDFF07B0E0
:10CA8000BDE8F0830023E2E7436800201B685B6891
:10CA90001961704743681B681A6852685360704791
:10CAA00001212DE9F04143681B685A6811751D6822
:10CAB0002F68D5E90136D3E900481CB96B681C60C2
:10CAC000BDE8F081214630464246B847241A064464
:10CAD000F3E743681B681868F9F73CB970B5436819
:10CAE0000C461D686B681869F8F7EEFC2146034692
:10CAF0000F222868BDE87040184701460068F9F722
:10CB00007DB908B5F9F70AFABDE80840F9F70ABA9D
:10CB10000A460121FFF729BF00210120F9F76EB96C
:10CB200061B662B680F31188BFF36F8F704772B63B
:10CB3000002383F31188BFF36F8FBFF34F8F30BF94
:10CB400062B6BFF36F8F7047002070474FF0FF3021
:10CB500070470020704708461146F9F789BD08461E
:10CB60001146F9F799BD4FF0FF307047002070472C
:10CB70000228CCBF0020012070474FF40053002052
:10CB80004B60704710B504461420FCF705F920608F
:10CB9000BDE8104000F08EBEFCF706B94FF0FF3242
:10CBA0004FF0FF33FBF72CB9FBF7A2B9FAF780BFC0
:10CBB00008B5232000220721F9F77EFCBDE80840D4
:10CBC0002320F9F76BBC10B403460838D0E8EF2FE8
:10CBD000511CC0E8E41F002CF8D11AB95DF8044BD1
:10CBE000F9F7E2BD6FF00F025DF8044B9A657047EC
:10CBF00049B21029436816DC0A290BD00B2910D042
:10CC00000C221B6802FB01334FF4006203F5005352
:10CC10001A6004E09B682D2203F540535A600020FF
:10CC20007047DB68F7E76FF01500704749B21029CD
:10CC3000436816DC0A290BD00B2910D00C221B6884
:10CC400002FB01334FF4006203F540531A6004E025
:10CC50009B682D2203F500535A6000207047DB6863
:10CC6000F7E76FF015007047CBB20246181F012896
:10CC70002ED90B290BDC092919DC092B2AD840F203
:10CC80004F3020FA03F313F0010009D170470C294B
:10CC900019D0A3F10D0001288CBF0020012070479E
:10CCA00013680C2251435858C0F3C0207047D2E992
:10CCB00002030A2908BF03465B6813F0290F0CBF63
:10CCC00001200020704753685868C0F30030704757
:10CCD000012070470020704749B2102908B505DCD3
:10CCE0004068FFF7C1FF0130C0B208BDEA20FCE791
:10CCF00049B2102910B5144607DCF9F717FFBDEE4D
:10CD0000C00A002084ED000A10BD6FF01500FBE79B
:10CD1000F0B500254FF0FF362B468B421DD21A4648
:10CD200000EB430494F90170B7420DD100EB4307C7
:10CD300010F913C097F9017030F812E020F813E0F1
:10CD400000F812C0013367700132914204F102040D
:10CD5000E8D110F915600135DFE7F0BD10EE1830AD
:10CD600000200B6070470269D36821EA030040EE9F
:10CD700010001940136901EA030260EE142021EA51
:10CD8000030140EE1410002070470269D36821EAC5
:10CD9000030060EE10001940136901EA030240EE3F
:10CDA000142021EA030160EE14100020704703698B
:10CDB000DB6821EA030220EE10200B4020EE143045
:10CDC0000020704710B503695868F8B1884219D13E
:10CDD0009C680868A142586000D1986000200860F3
:10CDE0002AB15A680A609A68596002B999600020AD
:10CDF00010E0814206D10868206098688142EDD138
:10CE00009C60EBE7044600680028F2D1002AE8D1D4
:10CE10006FF0150010BD08B543685B6803B1984713
:10CE2000002008BD70B50D4616460F210022284689
:10CE30001C46FAF70DFEB6F5001F0DD0F20104F006
:10CE40008063C4F3406109D589000BB141F008014A
:10CE500001222846FAF7FCFD002070BD002BF7D018
:10CE600041F00201F4E708B5152000220721F9F787
:10CE700023FBBDE808401520F9F710BB30B5056964
:10CE8000EB6810EE104021EA03005440204020EEF1
:10CE9000100019402C6910EE1400504001EA040300
:10CEA00023EA000320EE143010EE143021EA0401CE
:10CEB0005A40114020EE1410002030BD30B54368B8
:10CEC0000469C1F3420001381A68216203285CD862
:10CED000DFE800F002213141B3F91000D2F8A05090
:10CEE000A0300735854224BFD2F8A0000830608604
:10CEF000B3F912308033D2F8A0000530984202D343
:10CF0000D2F8A030063300209BB2238641F01001F6
:10CF1000136C216230BDB3F91000D2F8A0501C3060
:10CF20000735854224BFD2F8A00008306086B3F9E7
:10CF300012301833DFE7B3F91000D2F8A0500830F0
:10CF40000735854224BFD2F8A00008306086B3F9C7
:10CF500012300833CFE794F83D00B0B1D2F8A450B6
:10CF6000B3F9100007351C30854224BFD2F8A40065
:10CF700008306086B3F91230D2F8A40018330530B7
:10CF80009842C0D3D2F8A430BCE76FF01500BDE7DB
:10CF900008B5242000220721F9F78EFABDE80840E1
:10CFA0002420F9F77BBA08B5252000220721F9F7DC
:10CFB00083FABDE808402520F9F770BA10B5436C34
:10CFC000044623B1806C984710B984F834000020DF
:10CFD00010BD70B50569064610354FF0FF324FF0B1
:10CFE000FF332846FBF708F8044630B93069FFF7ED
:10CFF000E5FF04462846FAF7CBFF204670BD43689C
:10D000001B681B6FDB075DBF036993F83400C0F337
:10D01000C000012070472DE9F84F83460E4699461F
:10D020009046002A00F020810469436804F1100A48
:10D030001F684FF0FF324FF0FF335046FAF7DCFF26
:10D040000546002838D194F834303F2B08D9DBF856
:10D050001000FFF7B3FF002840F0008184F834008F
:10D060005846FFF7CCFF002840F0FB8094F834309E
:10D0700043F0080384F83430DBF80420DBF8103088
:10D0800015680246E96E21F00101E9662863C0F3E4
:10D090000721186A41F0090161F30F22296CC106CA
:10D0A0000DD46FF0150594F8343003F0C00384F804
:10D0B00034305046FAF76CFF2846BDE8F88F42F04E
:10D0C000610161F30702C10744BF42F0180161F337
:10D0D00007024FEA500CC0F34201000700F18780BD
:10D0E0001CF0060F40F091800129DAD1588EA8611A
:10D0F000188E686161F342022A600022AA63EA6323
:10D100006A682968C80758BFC5F808901B6A48BFF5
:10D1100069F30902D90606D513F0010314BF42F4DE
:10D12000805263F30C324FF0010B4FF000094FF4C3
:10D1300018716A60FB6E0C3643F00103FB6656E91A
:10D14000033212B90BB146F808BC636256F8083CCA
:10D1500094F83C20A36216F8043CC4F82C905A4082
:10D16000D50784F83C3044BF43F0040384F83C30D6
:10D1700094F8343003F0FC0384F8343094F83C30F5
:10D1800013F0010317BF94F8343094F8342043F0BF
:10D19000020384F8343012BFA36A42F0010284F81B
:10D1A0003420A3633B68D8074ABF40F25F2339634A
:10D1B0003B63642200232046FAF71EFF4FF41871E8
:10D1C000054640B33B68DA0708D5FB6E43F002031F
:10D1D000FB66012200232046FAF70EFF00233B6383
:10D1E0003B6C2046FAF72EFF6FF073055BE70429CE
:10D1F0007FF457AF93F83D1000293FF452AF598E9A
:10D20000A962198E6962032174E7598E2962198E09
:10D21000E96102216EE794F834305B071BD4A36AFE
:10D22000CBB994F8343013F0E40F0BD094F83430C9
:10D230003F2B13D894F8343013F0240F18BF6FF03D
:10D24000040530E708F1FF3818F0FF0806F10C0676
:10D250007FF475AF27E76FF0040524E76FF03D0515
:10D2600021E76FF00F051EE7154625E730B5036887
:10D2700013600579046804EBC504A34202D36FF080
:10D28000010030BD5C798C4201D00833F0E700200A
:10D29000F7E770B5044600EB8105AC4201D10020F0
:10D2A00070BD264616F8040B00F01F0000F0B7FA18
:10D2B00021882078C1F3441100F01F00FAF762FBC7
:10D2C000A2786178207802F00102C90900F01F00FD
:10D2D000FAF774FB61782078C1F3830100F01F0036
:10D2E000FAF79AFB61782078C1F3801100F01F00F3
:10D2F000FAF784FBA1782078C1F3800100F01F00C9
:10D30000FAF76EFBA1782078C1F3400100F01F000E
:10D31000FAF7C0FBA1782078C1F3C10100F01F002B
:10D3200000F06EFAA1782078C1F3411100F01F00DF
:10D3300000F057FA61882078C1F3C11100F01F0096
:10D3400000F040FAE1782078C1F3410100F01F00BD
:10D3500000F029FA3446A0E700207047836800797E
:10D36000022808D0042809D0012809D1CB5CDBB2FF
:10D37000002013607047CB5A9BB2F9E7CB58F7E710
:10D380006FF0150070472DE9F74347680D463E7969
:10D3900090464FEAC609B1FBF9F4384601AAA1B29A
:10D3A000FFF7DCFFA0B9012309FB14557A79019935
:10D3B000EDB2AB40424514BF19439943022EBB68FE
:10D3C00009D0042E0BD0012E0CD1C9B2A4B2E15465
:10D3D00003B0BDE8F08389B2A4B2E152F8E7A4B289
:10D3E000E150F5E76FF01500F2E70122FFF7CBBF40
:10D3F0000022FFF7C8BF38B504460D46FFF7F5FF1A
:10D4000028B929462046BDE83840FFF7F1BF38BDAE
:10D410002DE9F34146680C4637791546FF00B1FB0C
:10D42000F7F8304601AA1FFA88F1FFF797FF68B9AD
:10D4300007FB1844019BE4B2E340DB43727903F03D
:10D440000103002A08BF83F001032B7002B0BDE87E
:10D45000F08102694368127A1B682AB91A6BD207F5
:10D460000DD51A6B92050AD59A69D20607D41B68A6
:10D470000B7043681B68586800F00F0070474FF04E
:10D48000FF30704743681B689A699206FCD41960A4
:10D49000704743681B6858685A68C0F3C00051075A
:10D4A0005A685B6848BF40F00800920748BF40F0E8
:10D4B0000200DB0748BF40F0040070470B460269DA
:10D4C00092E8030083E80300002070470346002031
:10D4D00030B55C682468A569AD0602D4151A002D24
:10D4E00000DC30BD0D5C01302560F2E70346002012
:10D4F00030B5141A002C04DD5C682468A569ED06BB
:10D5000000D530BD24680C540130F2E7F8B543680B
:10D5100005691A680446936B43F0200393632B7CE0
:10D520004BB100232B746B692BB1102663681B6809
:10D530009B6B9B0600D4F8BDEFF3118786F312882E
:10D54000BFF36F8F2046D5E90531984787F31188DF
:10D55000BFF36F8FEAE7012203691A7443681A6800
:10D56000936B23F020039363704743681B689869AB
:10D5700080F00800C0F3C000704702694368127A67
:10D580001B681AB9186B10F480700BD0986B10F0F0
:10D59000200007D0DA6B920603D49869C0F3C0105C
:10D5A00070470120704743681A68936B43F050033B
:10D5B0009363704743681A68936B23F05003936337
:10D5C000704702694368127A1B681AB9186B10F425
:10D5D000007008D0986B10F010001EBF986980F0A2
:10D5E0001000C0F30010704743681A68936B43F44F
:10D5F000F0639363704743681A68936B23F4F06396
:10D600009363704708B50146FFF7DBFF30B9084662
:10D61000FFF7B3FF003818BF012008BD0120FCE769
:10D62000012070470369C3E90512704710B503690B
:10D630005A696AB1EFF31184102282F31288BFF3A2
:10D640006F8FD3E90521904784F31188BFF36F8F63
:10D6500010BD002070470020704708B5212000222F
:10D660000721F8F729FFBDE808402120F8F716BF89
:10D670000122F9F7CDBEF7B5456804460669A868EA
:10D6800000285ED12869002864D1377A002F31D173
:10D690003946686801AAFFF7E9FD002858DB019BBD
:10D6A0003A4619791868FFF7F4FD002850D16B6AE3
:10D6B00003B1984763681A68136B23F0010313637F
:10D6C00063681A68D36A23F01003D3622B6A002BB5
:10D6D0004FD1002231462046F9F79AFE10226368A6
:10D6E0001B685A632B7F2BB963681A68D36A43F0AF
:10D6F0001003D362002263681B689A6340F2FF72D2
:10D7000063681B685A64337A93B9626812689364D9
:10D71000BFF36F8F63681A68136B23F00203136300
:10D7200063681A68136B43F440731363BFF36F8F1E
:10D73000AB692046984701233374337AFBB100204C
:10D7400006E0E9688368DB6803B39847002899D04E
:10D7500003B0F0BD836869691B6803B19847D5E9D8
:10D760000401836806F10C02DB68002B8DD098471A
:10D770008BE72046F16898470028AAD0E8E763685D
:10D780001A68136B43F001031363D8E76FF0570077
:10D79000DEE70C235843012300F1804000F584109C
:10D7A000416003607047C00000F18040043000F524
:10D7B00020331B6800F5243083EA017303F04053E3
:10D7C00003607047C00000F18040043000F5203352
:10D7D0001B6800F5243083EA014303F440330360FF
:10D7E0007047C00000F18040043000F520331B6812
:10D7F00000F5243083EA013303F44053036070479B
:10D80000C00000F18040043000F520331B6800F5B3
:10D81000243083EA813303F44043036070474FF0C0
:10D82000000242EC440042EC40000521FAF7AAB89D
:10D83000704740B1C368587810F001001EBF1878D7
:10D84000B0FA80F040097047EFF31183102383F39F
:10D850001288BFF36F8FFEE710B54369044633B9F2
:10D860000020E268537843F00103537010BD9847DD
:10D870000028F5D00028B8BF4042FF28A8BFFF20ED
:10D88000E3681870EDE7FBF757BDF2F741BD1024D0
:10D8900008B5EFF3118384F31288BFF36F8FFFF79E
:10D8A00046F9F6E790F90E308B4201D0FAF762BDE7
:10D8B0000020704703460020C3E90033C3E902009B
:10D8C00070473AB18A4205D3C0E90212C0E90000AC
:10D8D000002070476FF015007047EFF305800038A7
:10D8E00018BF012070476FF0570070470020704745
:10D8F000D0E9003213605A600023C0E9003370475A
:10D9000008B5FFF7F5FF437B23F0020343730023C1
:10D91000836008BD38B504460D46FAF789FC637B81
:10D9200043F002036373E5B1A5602B689D4209D102
:10D930006B68C4E900531C606C6012E06A689A422C
:10D94000F6D01B68002BF3D094F90E2093F90E103B
:10D950008A42F3D09142F1DD5A68C4E90032146082
:10D960005C6038BD10B5EFF31184102383F3128887
:10D97000BFF36F8FFAF71AFC84F31188BFF36F8F30
:10D9800010BD08B5EFF31181102282F31288BFF3A6
:10D990006F8F83680BB1FFF7B3FF81F31188BFF37B
:10D9A0006F8F08BD014610B5EFF31184102383F388
:10D9B0001288BFF36F8F437B13F0280F0AD183685F
:10D9C0000BB1FFF79DFF4B7B084623F004034B731D
:10D9D000FAF7ECFB84F31188BFF36F8F10BD0121C0
:10D9E0001838FFF7DFBF08B50346EFF311811022A7
:10D9F00082F31288BFF36F8F0068834207D008B1AB
:10DA0000FFF77EFF81F31188BFF36F8F08BD002001
:10DA1000F8E738B504460D46FAF7D8FDB5F1FF3FF3
:10DA200008BFB4F1FF3F0346204609D04BB1DA17D7
:10DA3000B3F1004F72F10002184601D36FF00040BD
:10DA400038BD1846FCE708B50246FAF767FF70B123
:10DA5000D0E904319B1A61EBE272B3F1004F72F12D
:10DA6000000104DA002AACBF1846002008BD6FF0A0
:10DA70000040FBE7024638B5EFF31185102383F32E
:10DA80001288BFF36F8F0368CBB1FAF747FF0446E4
:10DA90001046FAF755FF00224FF000438442C0E9D8
:10DAA000042306D1FAF742FFFFF7CDFF0021F9F773
:10DAB000C9FD002085F31188BFF36F8F38BD6FF06B
:10DAC0001500F7E708B5FBF73FF808BDFBF73CB8D2
:10DAD0000023C0E9081200F11802C0E90622C0E9DB
:10DAE000003303634363704710B50446FFF7C2FF7A
:10DAF000A8B9636A0BB12046984704F11800FFF7F4
:10DB000072FF60B1FFF72EFFEFF31180102383F354
:10DB10001288BFF36F8FBDE81040FAF7AFBC10BD9D
:10DB200010B400F10C04C0E903445DF8044BFEF7A7
:04DB3000E2BA000055
:08DB34002432FF7F0100000014
:10DB3C00000000009CDB0010118D001000000000A4
:10DB4C0000000000BCDB001000000000DCDB00105B
:10DB5C000D6E001000000000AD75001000000000FC
:10DB6C00CD5300100000000053CB0010000000004B
:10DB7C0000000000FCDB0010000000001CDC0010AA
:10DB8C00000000005CDC0010000000003CDC001019
:10DB9C0029EF001014E1001074DE0010420900207F
:10DBAC0050070020356C0010000000000000000041
:10DBBC00D0EF001084E2001064DE00104A0900204F
:10DBCC000000000059D3001000000000000000000D
:10DBDC00EAEF00107407002090DE00104C090020C2
:10DBEC005807002077D6001000000000000000004D
:10DBFC0043EF00100CE2001028DE00104409002056
:10DC0C008411002017CE001000000000000000005E
:10DC1C00F4EE0010D8E000101CDE001040090020CB
:10DC2C00000000200D670010000000000000000044
:10DC3C00AFEF001014E200104CDE0010460900207B
:10DC4C0098110020CD6F00100000000000000000B3
:10DC5C00BCEF00104CE200104CDE00104809002014
:10DC6C00E4110020CD6F0010000000000000000047
:10DC7C000000000019CB00100000000019CB0010B0
:10DC8C000000000019CB00100000000019CB0010A0
:10DC9C000000000019CB00100000000019CB001090
:10DCAC000000000019CB00100000000019CB001080
:10DCBC000000000019CB00100000000019CB001070
:10DCCC000000000019CB00100000000019CB001060
:10DCDC000000000019CB00100000000019CB001050
:10DCEC000000000019CB00100000000019CB001040
:10DCFC000000000019CB00100000000019CB001030
:10DD0C000000000019CB00100000000019CB00101F
:10DD1C000000000019CB0010FCDB0010556F001048
:10DD2C000000000019CB00100000000019CB0010FF
:10DD3C000000000019CB00100000000019CB0010EF
:10DD4C000000000019CB00100000000019CB0010DF
:10DD5C000000000019CB00100000000019CB0010CF
:10DD6C000000000019CB00100000000019CB0010BF
:10DD7C000000000019CB0010DCDB00102DD60010C9
:10DD8C000000000019CB00101CDC0010856900108D
:10DD9C005CDC0010FD7100103CDC0010FD7100100B
:10DDAC000000000019CB00100000000019CB00107F
:10DDBC000000000019CB00100000000019CB00106F
:10DDCC000000000019CB00100000000019CB00105F
:10DDDC000000000019CB00100000000019CB00104F
:10DDEC000000000019CB00100000000019CB00103F
:10DDFC000000000019CB00100000000019CB00102F
:10DE0C000000000019CB00100000000019CB00101E
:0CDE1C000168001065680010E40C0000B4
:10DE28008D6E00105DCD00107DCE001067CD001006
:10DE38008BCD0010AFCD001025CE0010C5CD001041
:04DE48005D6E0010FB
:10DE4C00BDCE00100000000017D000100000000034
:08DE5C0000000000D3CF00100C
:10DE640011D40010EBD30010F1D30010F7D300103D
:10DE7400F1CB00102DCC001000000000F1CC0010FC
:0CDE8400D9CC00100000000000000000DD
:10DE900053D4001085D4001093D4001071D6001014
:10DEA000BDD40010CDD40010EDD400100DD500105D
:10DEB00057D500107BD50010A7D50010B5D50010A0
:10DEC0006BD50010C3D50010E9D50010F7D50010B0
:0CDED00005D6001021D6001025D6001049
:10DEDC0001EF0010030000006CE8001003000000CC
:10DEEC004FEF001003000000C9EF0010030000000A
:10DEFC008FE800100300000093E8001003000000FE
:10DF0C00BBE90010030000003FF20010030000000A
:10DF1C00BBE700100300000083E8001003000000C2
:10DF2C00BCE0001040070020AAE90010010000002E
:10DF4000000A010A020A030A070A040C050A060568
:10DF5000080B090B0A0C0B0C0CFF0DFF0E0D0FFF2D
:10DF600010FF0000000000000080E03779C341434B
:10DF7000176E05B5B5B89346F5F93FE9034F384D2F
:10DF8000321D30F94877825A3CBF737FDD4F1575DB
:10DF9000000000000000F03F0000000000002440EE
:10DFA00000000000000059400000000000408F40C9
:10DFB000000000000088C34000000000006AF84034
:10DFC0000000000080842E4100000000D012634158
:10DFD0000000000084D797410000000065CDCD41CE
:10DFE000000000205FA00242000000E876483742AF
:10DFF000000000A2941A6D42000040E59C30A2424D
:10E000000000901EC4BCD64200003426F56B0C43C1
:10E010000080E03779C3414300A0D8855734764368
:10E0200000C84E676DC1AB43003D9160E458E143C9
:10E03000408CB5781DAF154450EFE2D6E41A4B443E
:10E0400092D54D06CFF08044F64AE1C7022DB54483
:10E05000B49DD9794378EA44900A00200001000079
:10E0600081C8001027C80010020000001FCA00105D
:10E0700000000000000000000000000000000000A0
:10E080008AE9001092E90010000000000000000082
:10E09000000000009AE900109EE90010A2E90010BB
:10E0A000A6E90010ACE000105C110020D95D001062
:10E0B00074110020CC16002001000000DDCA001001
:10E0C000D3CA0010A1CA001095CA001000000000B9
:10E0D00089CA00100000000009000000F4E00010F0
:10E0E000B1CB00109CDB001009000000BCDB00106D
:10E0F00000000000FCE000100100000004E100103E
:10E1000004000000FA050200FB050200FC05020005
:10E11000FD050200000001400080044000000540B1
:10E120000080054000800E4004E200100100000065
:10E130007D0000000500000002000000010000005A
:10E140006400000005000000050000000000000061
:10E150000000000080D1F00880D1F008000000002D
:10E160000000000080D1F00880D1F008000000001D
:10E170000000000080D1F00880D1F008000000000D
:10E180000000000080D1F00880D1F00802000000FB
:10E1900000000000001BB700001BB70001000000DA
:10E1A0000000000080D1F00880D1F00800000000DD
:10E1B0000000000080D1F00880D1F00800000000CD
:10E1C0000100000080D1F00880D1F00800000000BC
:10E1D00000000000006CDC02006CDC0200000000AB
:10E1E00000000000006CDC02006CDC020C0000008F
:10E1F000A00A000010000000000000000000000065
:10E20000000000000CE2001000000000FFFFFF3FD4
:10E2100067CE001000800940A7CF0010A086010043
:10E22000250000000000000034E20010BCDB0010FC
:10E23000050000003CE200100100000044E2001074
:10E2400002000000660406006704060000000940A2
:10E2500091CF0010A0860100240000000000000003
:10E260006CE20010BCDB00100400000074E200103F
:10E27000010000007CE200100200000064040600BF
:10E280006504060000000240040000000000024097
:10E2900098E2001001000000A0E20010020000005F
:10E2A0004004000041040200F0F10010FEF10010F3
:10E2B00012F2001021F200102DF200103CDB0010D1
:10E2C0003CDB001064DB00106CDB00109CDB0010FA
:10E2D0009CDB00102C2066756E6374696F6E3A20AB
:10E2E00000000000617373657274696F6E202225EF
:10E2F0007322206661696C65643A2066696C6520EA
:10E30000222573222C206C696E65202564257325D7
:10E31000730A000000202020202020202020282810
:10E3200028282820202020202020202020202020D5
:10E330002020202020881010101010101010101015
:10E340001010101010040404040404040404041045
:10E3500010101010101041414141414101010101D3
:10E36000010101010101010101010101010101019D
:10E3700010101010101042424242424202020202A9
:10E38000020202020202020202020202020202026D
:10E39000101010102000000000000000000000001D
:10E3A000000000000000000000000000000000006D
:10E3B000000000000000000000000000000000005D
:10E3C000000000000000000000000000000000004D
:10E3D000000000000000000000000000000000003D
:10E3E000000000000000000000000000000000002D
:10E3F000000000000000000000000000000000001D
:10E40000000000000000000000000000000000000C
:10E410000000000000000000494E4600696E6600E2
:10E420004E414E006E616E00303132333435363736
:10E430003839616263646566000000003031323350
:10E4400034353637383941424344454600000000F0
:10E45000286E756C6C2900003000000030303030C0
:10E4600030303030303030303030303020202020EC
:10E47000202020202020202020202020303030305C
:10E4800030303030303030303030303020202020CC
:10E49000202020202020202020202020496E666976
:10E4A0006E697479000000004E614E0042616C6C30
:10E4B0006F632073756363656564656400000000C5
:10E4C0002F566F6C756D65732F576F726B7370611C
:10E4D00063652F6275696C642F2E6275696C642F99
:10E4E00061726D2D7A65706879722D656162692F30
:10E4F0007372632F6E65776C69622F6E65776C69D6
:10E50000622F6C6962632F7374646C69622F647428
:10E510006F612E63000000002F566F6C756D657380
:10E520002F576F726B73706163652F6275696C64CE
:10E530002F2E6275696C642F61726D2D7A6570681B
:10E5400079722D656162692F7372632F6E65776CC6
:10E5500069622F6E65776C69622F6C6962632F73D5
:10E5600074646C69622F6D707265632E63000000C5
:10E5700005000000190000007D00000043000000BD
:10E58000504F5349580000002E0052454C41593A13
:10E59000204F4E0052454C41593A204F46460050BC
:10E5A0006F776572204D6F6E69746F72205374615E
:10E5B0007274696E672E2E2E004144432064657686
:10E5C000696365206E6F74207265616479004661CD
:10E5D000696C656420746F20636F6E66696775721D
:10E5E000652072656C6179204750494F004932437C
:10E5F00020646576696365206E6F7420726561645E
:10E600007900496E697469616C697A6174696F6EC9
:10E6100020636F6D706C65746500554E44455220E3
:10E62000564F4C54414745004F56455220564F4C8B
:10E630005441474500554E4445522043555252459A
:10E640004E54004F5645522043555252454E5400A9
:10E650004F4B004661756C74206465746563746526
:10E66000643A202573004661756C7420636C6561A3
:10E6700072656400504F574552204D4F4E49544FDC
:10E680005200563A20252E32665600493A20252E51
:10E6900032664100000000000000005F000000073B
:10E6A000000700147F147F14242A7F2A12231308E2
:10E6B000646236495522500005030000001C2241C7
:10E6C000000041221C0014083E081408083E0808F7
:10E6D00000503000000808080808006060000020B2
:10E6E000100804023E5149453E00427F400042610D
:10E6F0005149462141454B311814127F1027454599
:10E7000045393C4A494930017109050336494949AF
:10E7100036064949291E00363600000056360000EC
:10E720000814224100141414141400412214080285
:10E7300001510906324979413E7E1111117E7F490E
:10E740004949363E414141227F4141221C7F49498E
:10E7500049417F090909013E4149497A7F08080872
:10E760007F00417F41002040413F017F081422414A
:10E770007F404040407F020C027F7F0408107F3EB4
:10E780004141413E7F090909063E4151215E7F0911
:10E79000192946464949493101017F01013F40405D
:10E7A000403F1F2040201F3F4038403F6314081463
:10E7B0006307087008076151494543706F776572B8
:10E7C0005F6D6F6E69746F720028756E7369676E26
:10E7D0006564292063686172202A2075736564204E
:10E7E000666F722025257020617267756D656E7485
:10E7F0002E2049742773207265636F6D6D656E649A
:10E80000656420746F206361737420697420746F71
:10E8100020766F6964202A206265636175736520C4
:10E820006974206D6179206361757365206D69730A
:10E830006265686176696F7220696E2063657274C3
:10E8400061696E20636F6E66696775726174696F66
:10E850006E732E20537472696E673A2225732220DC
:10E86000617267756D656E743A25640063627072DB
:10E87000696E74665F7061636B61676500286E69BD
:10E880006C2900736F63006C6F6767696E67006C5B
:10E890006F67006C6F675F6D676D74004D657373B4
:10E8A000616765202822257322292064726F7070A9
:10E8B000656420626563617573652069742065789D
:10E8C00063656564732073697A65206C696D69742A
:10E8D0006174696F6E2028257529004D6573736119
:10E8E00067652064726F707065642062656361752E
:10E8F0007365206974206578636565647320736946
:10E900007A65206C696D69746174696F6E20282561
:10E910007529000D0A001B5B306D00257320005B1C
:10E920002530386C755D20005B253032753A253016
:10E9300032753A253032752E253033752C2530331B
:10E94000755D200025732F003C25733E2000257344
:10E950003A2000253032782000202020007C00253D
:10E960006300206D657373616765732064726F70F7
:10E97000706564202D2D2D0D0A1B5B306D001B5B17
:10E98000313B33316D2D2D2D20001B5B313B33315D
:10E990006D001B5B313B33336D0065727200777223
:10E9A0006E00696E6600646267006C6F675F62612B
:10E9B000636B656E645F75617274006C6F675F7521
:10E9C0006172740072302F61313A20203078253026
:10E9D0003878202072312F61323A2020307825306B
:10E9E0003878202072322F61333A20203078253059
:10E9F00038780072332F61343A202030782530384F
:10EA000078207231322F69703A20203078253038E2
:10EA100078207231342F6C723A20203078253038CB
:10EA2000780020787073723A20203078253038785A
:10EA300000735B2532645D3A2020307825303878C9
:10EA40002020735B2532645D3A20203078253038F1
:10EA5000782020735B2532645D3A202030782530A1
:10EA600038782020735B2532645D3A202030782589
:10EA70003038780066707363723A20203078253021
:10EA80003878004661756C74696E6720696E7374BE
:10EA900072756374696F6E2061646472657373204C
:10EAA000287231352F7063293A2030782530387834
:10EAB00000556E68616E646C6564204952516E3A0F
:10EAC000202564002A2A2A2A2A204D505520464112
:10EAD000554C54202A2A2A2A2A0020205374616384
:10EAE0006B696E67206572726F722028636F6E7437
:10EAF0006578742061726561206D69676874206251
:10EB000065206E6F742076616C6964290020205541
:10EB10006E737461636B696E67206572726F7200E9
:10EB200020204461746120416363657373205669DA
:10EB30006F6C6174696F6E0020204D4D464152200C
:10EB4000416464726573733A203078257800202020
:10EB5000496E737472756374696F6E204163636587
:10EB600073732056696F6C6174696F6E0020204664
:10EB70006C6F6174696E672D706F696E74206C6163
:10EB80007A7920737461746520707265736572762A
:10EB90006174696F6E206572726F72002A2A2A2A68
:10EBA0002A205553414745204641554C54202A2A96
:10EBB0002A2A2A0020204469766973696F6E2062D0
:10EBC00079207A65726F002020556E616C69676EDE
:10EBD0006564206D656D6F72792061636365737321
:10EBE000002020537461636B206F766572666C6FD2
:10EBF000772028636F6E7465787420617265612078
:10EC00006E6F742076616C6964290020204E6F203D
:10EC1000636F70726F636573736F7220696E737464
:10EC200072756374696F6E73002020496C6C656740
:10EC3000616C206C6F6164206F66204558435F52A1
:10EC4000455455524E20696E746F20504300202069
:10EC5000496C6C6567616C20757365206F66207404
:10EC600068652045505352002020417474656D70D2
:10EC70007420746F206578656375746520756E64A3
:10EC80006566696E656420696E7374727563746914
:10EC90006F6E002A2A2A2A2A2042555320464155BF
:10ECA0004C54202A2A2A2A2A002020537461636B9C
:10ECB000696E67206572726F720020205072656302
:10ECC0006973652064617461206275732065727276
:10ECD0006F72002020424641522041646472657385
:10ECE000733A2030782578002020496D7072656372
:10ECF0006973652064617461206275732065727246
:10ED00006F72002020496E737472756374696F6E40
:10ED100020627573206572726F720052657365723E
:10ED200076656420457863657074696F6E2028008D
:10ED300053707572696F757320696E746572727540
:10ED4000707420284952512000535053454C20697B
:10ED50006E20746872656164206D6F646520646FF5
:10ED60006573206E6F7420696E64696361746520D9
:10ED7000505350002A2A2A2A2A2048415244204629
:10ED800041554C54202A2A2A2A2A002020427573F1
:10ED9000206661756C74206F6E20766563746F7287
:10EDA000207461626C652072656164002020446596
:10EDB000627567206576656E740020204661756C0B
:10EDC0007420657363616C6174696F6E202873656C
:10EDD000652062656C6F772900415243485F455852
:10EDE00043455054207769746820726561736F6E73
:10EDF0002025780A002A2A2A2A2A20446562756773
:10EE0000206D6F6E69746F722065786365707469C8
:10EE10006F6E202A2A2A2A2A002A2A2A2A2A20250C
:10EE20007320256429202A2A2A2A2A0061626F7207
:10EE30007428290A00756E737570706F727465643A
:10EE4000206368616E6E656C2069642027256427E5
:10EE5000004163717569736974696F6E2074696DBF
:10EE600065206973206E6F742076616C696400752B
:10EE70006E737570706F7274656420646966666520
:10EE800072656E7469616C206D6F646500476169BD
:10EE90006E206973206E6F742076616C69640075F2
:10EEA0006E737570706F72746564207265736F6CC9
:10EEB0007574696F6E20256400756E737570706F60
:10EEC00072746564206368616E6E656C7320696E30
:10EED000206D61736B3A2030782530387800627588
:10EEE000666665722073697A6520746F6F20736D32
:10EEF000616C6C00616463403430306130303030BC
:10EF0000006164635F727069000B0A0E0C0F1005DC
:10EF10000A0B0E0C0F100A0B0D0C0F100B0F100A22
:10EF20000F100B0E0C05080904636C6F636B2D63E7
:10EF30006F6E74726F6C6C6572403430303130308B
:10EF40003030006770696F2D706F727440300069E7
:10EF5000326300496E76616C6964204932432062F5
:10EF6000697420726174652076616C7565004E412C
:10EF7000434B206F6E20257300534441205374751A
:10EF8000636B204C6F77206F6E2025730053434CCA
:10EF900020537475636B204C6F77206F6E20257340
:10EFA00000494F204661696C206F6E20257300690F
:10EFB00032634034303039383030300069326340A9
:10EFC0003430303930303030006932635F6477007C
:10EFD00072657365742D636F6E74726F6C6C65729D
:10EFE000403430303230303030007561727440342B
:10EFF00030303730303030007372635F6672657165
:10F00000203E3D206672657100574553545F544F52
:10F01000504449522F646570732F6D6F64756C6531
:10F02000732F68616C2F7270695F7069636F2F73E3
:10F0300072632F7270325F636F6D6D6F6E2F6861D8
:10F040007264776172655F636C6F636B732F636C5F
:10F050006F636B732E6300636C6F636B5F636F6EC4
:10F060006669677572650076636F5F6672657120A9
:10F070003E3D205049434F5F504C4C5F56434F5FDD
:10F080004D494E5F465245515F485A20262620760C
:10F09000636F5F66726571203C3D205049434F5F4E
:10F0A000504C4C5F56434F5F4D41585F465245515F
:10F0B0005F485A00574553545F544F504449522FAC
:10F0C000646570732F6D6F64756C65732F68616C08
:10F0D0002F7270695F7069636F2F7372632F727024
:10F0E000325F636F6D6D6F6E2F68617264776172EE
:10F0F000655F706C6C2F706C6C2E63006662646967
:10F1000076203E3D203136202626206662646976D0
:10F11000203C3D203332300028706F73745F646987
:10F120007631203E3D203120262620706F73745F9B
:10F1300064697631203C3D2037292026262028701E
:10F140006F73745F64697632203E3D20312026263D
:10F1500020706F73745F64697632203C3D203729DC
:10F1600000706C6C5F696E69740048616C74696EE4
:10F17000672073797374656D00556E6B6E6F776E73
:10F18000206572726F7200756E6B6E6F776E003EE7
:10F190003E3E205A455048595220464154414C2049
:10F1A0004552524F522025643A202573206F6E201D
:10F1B000435055202564004661756C742064757257
:10F1C000696E6720696E746572727570742068610B
:10F1D0006E646C696E670A0043757272656E7420A6
:10F1E0007468726561643A202570202825732900AF
:10F1F00043505520657863657074696F6E00556E75
:10F2000068616E646C656420696E74657272757095
:10F210007400537461636B206F766572666C6F77F0
:10F22000004B65726E656C206F6F7073004B65727A
:10F230006E656C2070616E6963006D61696E006F50
:10F2400073002A2A2A20426F6F74696E67205A65FC
:10F2500070687972204F53206275696C642076342F
:0CF260002E322E30202A2A2A0A0000003C
:10F26C000000000000000000000000000000000092
:10F27C00798B00100000000000000000000000006E
:10F28C002000002020000020C7CB00100000000050
:10F29C000000000000000000000000000000000062
:10F2AC004000002040000020000000000100000091
:10F2BC005000002050000020000000000100000061
:10F2CC000000000000000000000000000000000032
:10F2DC000000000000000000000000000000000022
:10F2EC000000000000000000000000000000000012
:10F2FC001CDC0010000000000000000000000000FA
:10F30C0000000000F801002060020020C80200206C
:10F31C0000000000000000000000000000000000E1
:10F32C0000000000000000000000000000000000D1
:10F33C0000000000000000000000000000000000C1
:10F34C0000000000000000000000000000000000B1
:10F35C0000000000000000000000000000000000A1
:10F36C000000000000000000000000000000000091
:10F37C000000000000000000000000000000000081
:10F38C000000000000000000000000000000000071
:10F39C000000000000000000000000000000000061
:10F3AC000000000000000000010000000000000050
:10F3BC000E33CDAB34126DE6ECDE05000B00000015
:10F3CC000000000000000000000000000000000031
:10F3DC000000000000000000000000000000000021
:10F3EC000000000000000000000000000000000011
:10F3FC000000000000000000000000000000000001
:10F40C0000000000000000000000000000000000F0
:10F41C0000000000000000000000000000000000E0
:10F42C0000000000000000000000000000000000D0
:10F43C0000000000000000000000000000000000C0
:10F44C0000000000000000000000000000000000B0
:10F45C0000000000000000000000000000000000A0
:10F46C000000000000000000000000000000000090
:10F47C000000000000000000000000000000000080
:10F48C000000000000000000000000000000000070
:10F49C000000000000000000000000000000000060
:10F4AC000000000000000000000000000000000050
:10F4BC000000000000000000000000000000000040
:10F4CC000000000000000000000000000000000030
:10F4DC000000000000000000000000000000000020
:10F4EC000000000000000000000000000000000010
:10F4FC000000000000000000000000000000000000
:10F50C0000000000000000000000000000000000EF
:10F51C0000000000000000000000000000000000DF
:10F52C0000000000000000000000000000000000CF
:10F53C0000000000000000000000000000000000BF
:10F54C0000000000000000000000000000000000AF
:10F55C00000000000000000000000000000000009F
:10F56C00000000000000000000000000000000008F
:10F57C00000000000000000000000000000000007F
:10F58C00000000000000000000000000000000006F
:10F59C0000000000000000003003002030030020B9
:10F5AC0038030020380300204003002040030020D3
:10F5BC004803002048030020500300205003002083
:10F5CC005803002058030020600300206003002033
:10F5DC0068030020680300207003002070030020E3
:10F5EC007803002078030020800300208003002093
:10F5FC008803002088030020900300209003002043
:10F60C009803002098030020A0030020A0030020F2
:10F61C00A8030020A8030020B0030020B0030020A2
:10F62C00B8030020B8030020C0030020C003002052
:10F63C00C8030020C8030020D0030020D003002002
:10F64C00D8030020D8030020E0030020E0030020B2
:10F65C00E8030020E8030020F0030020F003002062
:10F66C00F8030020F8030020000400200004002010
:10F67C0008040020080400201004002010040020BE
:10F68C00180400201804002020040020200400206E
:10F69C00280400202804002030040020300400201E
:10F6AC0038040020380400204004002040040020CE
:10F6BC00480400204804002050040020500400207E
:10F6CC00580400205804002060040020600400202E
:10F6DC0068040020680400207004002070040020DE
:10F6EC00780400207804002080040020800400208E
:10F6FC00880400208804002090040020900400203E
:10F70C009804002098040020A0040020A0040020ED
:10F71C00A8040020A8040020B0040020B00400209D
:10F72C00B8040020B8040020C0040020C00400204D
:10F73C00C8040020C8040020D0040020D0040020FD
:10F74C00D8040020D8040020E0040020E0040020AD
:10F75C00E8040020E8040020F0040020F00400205D
:10F76C00F8040020F804002000050020000500200B
:10F77C0008050020080500201005002010050020B9
:10F78C001805002018050020200500202005002069
:10F79C002805002028050020300500203005002019
:10F7AC0038050020380500204005002040050020C9
:10F7BC004805002048050020500500205005002079
:10F7CC005805002058050020600500206005002029
:10F7DC0068050020680500207005002070050020D9
:10F7EC007805002078050020800500208005002089
:10F7FC008805002088050020900500209005002039
:10F80C009805002098050020A0050020A0050020E8
:10F81C00A8050020A8050020B0050020B005002098
:10F82C00B8050020B8050020C0050020C005002048
:10F83C00C8050020C8050020D0050020D0050020F8
:10F84C00D8050020D8050020E0050020E0050020A8
:10F85C00E8050020E8050020F0050020F005002058
:10F86C00F8050020F8050020000600200006002006
:10F87C0008060020080600201006002010060020B4
:10F88C001806002018060020200600202006002064
:10F89C002806002028060020300600203006002014
:10F8AC0038060020380600204006002040060020C4
:10F8BC004806002048060020500600205006002074
:10F8CC005806002058060020600600206006002024
:10F8DC0068060020680600207006002070060020D4
:10F8EC007806002078060020800600208006002084
:10F8FC008806002088060020900600209006002034
:10F90C009806002098060020A0060020A0060020E3
:10F91C00A8060020A8060020B0060020B006002093
:10F92C00B8060020B8060020C0060020C006002043
:10F93C00C8060020C8060020D0060020D0060020F3
:10F94C00D8060020D8060020E0060020E0060020A3
:10F95C00E8060020E8060020F0060020F006002053
:10F96C00F8060020F8060020000700200007002001
:10F97C0008070020080700201007002010070020AF
:10F98C00180700201807002020070020200700205F
:10F99C00280700202807002053C2001047C8001079
:10F9AC00A4E000100000000049CB00104DCB00106B
:10F9BC00A02E6300A02E630000C201000001030012
:10F9CC00000000000000000000000000000000002B
:10F9DC00000000000000074090E200100000000052
:10F9EC00000000009CDB0010060000005BD600103D
:10F9FC000000000057D6001053D600101400000071
:10FA0C00A0070020A0070020A0000020FFFFFFFFA0
:10FA1C000000020043000000000000000000000095
:10FA2C0000000000000000000000000000000000CA
:10FA3C000000000043000000000000000000000077
:10FA4C0000000000000000000000000000000000AA
:10FA5C000000000043000000000000000000000057
:10FA6C00000000000000000000000000000000008A
:10FA7C000000000043000000000000000000000037
:10FA8C00000000000000000000000000000000006A
:10FA9C000000000043000000000000000000000017
:10FAAC00000000000000000000000000000000004A
:10FABC0000000000430000000000000000000000F7
:10FACC00000000000000000000000000000000002A
:10FADC0000000000430000000000000000000000D7
:10FAEC00000000000000000000000000000000000A
:10FAFC0000000000C9BF001071BF00100000000022
:10FB0C0014E3001088E50010E0E20010E0E20010C1
:10FB1C00E0E20010E0E20010E0E20010E0E2001091
:10FB2C00E0E20010E0E20010E0E20010FFFFFFFF57
:10FB3C00FFFFFFFFFFFFFFFFFFFF0000010041532E
:10FB4C0043494900000000000000000000000000D4
:10FB5C000000000000000000000000000000415305
:10FB6C0043494900000000000000000000000000B4
:10FB7C000000000000000000000000000000000079
:10FB8C004F4B0000000000000000000000000000CF
:10FB9C000000000000000000000000000000000059
:10FBAC000000000000000000000000000000000049
:10FBBC000000000000000000000000000000000039
:10FBCC000000000000000000000000000000000029
:10FBDC000000000000000000000000000000000019
:08FBEC00000000000000000011
:04FBF400000000000D
:10FBF80000000000102B0020002000000000000082
:04FC080000000000F8
:10FC0C00A0090020A0090020000000000000000056
:10FC1C000E000000B4090020B40900200000000010
:08FC2C00000000000E000000C2
:10FC3400C8090020C80900200000000001000000DD
:04FC440015E015E0D2
:0400000510006391F3
:00000001FF
